t_session_sec,abs_ts,phase_rec,trial_idx_rec,simulation_intensity_rec,simulation_intensity_pct_rec,simulation_intensity_window_open_rec,mu_power_rec,beta_power_rec
0.1185,1785919150.855443,A,1,0.5000,0.5000,0,0.8883,0.7138
0.3017,1785919151.036476,A,1,0.5000,0.5000,0,0.8313,0.7272
0.3968,1785919151.131889,A,1,0.5000,0.5000,0,0.9071,0.7398
0.4940,1785919151.228221,A,1,0.5000,0.5000,0,0.9634,0.7496
0.5689,1785919151.307421,A,1,0.5000,0.5000,0,1.0386,0.7481
0.6476,1785919151.381861,A,1,0.5000,0.5000,0,1.0504,0.7476
0.7270,1785919151.460414,A,1,0.5000,0.5000,0,1.0403,0.7319
0.8049,1785919151.538219,A,1,0.5000,0.5000,0,1.1097,0.7624
0.8827,1785919151.616038,A,1,0.5000,0.5000,0,1.1159,0.7707
0.9626,1785919151.696134,A,1,0.5000,0.5000,0,1.1138,0.7980
1.0406,1785919151.773827,A,1,0.5000,0.5000,0,1.0326,0.7694
1.1185,1785919151.851784,A,1,0.5000,0.5000,0,0.9576,0.7534
1.1978,1785919151.931003,A,1,0.5000,0.5000,0,0.9321,0.7675
1.2768,1785919152.010042,A,1,0.5000,0.5000,0,0.9688,0.7839
1.3548,1785919152.088143,A,1,0.5000,0.5000,0,0.9966,0.7747
1.4328,1785919152.166047,A,1,0.5000,0.5000,0,1.0713,0.8034
1.5128,1785919152.246030,A,1,0.5000,0.5000,0,1.0348,0.7696
1.5909,1785919152.324246,A,1,0.5000,0.5000,0,1.0647,0.7714
1.6688,1785919152.402080,A,1,0.5000,0.5000,0,1.1529,0.8071
1.7458,1785919152.479203,A,1,0.5000,0.5000,0,1.1521,0.7819
1.8243,1785919152.557553,A,1,0.5000,0.5000,0,1.1229,0.7670
1.9043,1785919152.637577,A,1,0.5000,0.5000,0,1.1215,0.7742
1.9824,1785919152.715914,A,1,0.5000,0.5000,0,0.9965,0.7408
2.0604,1785919152.793835,A,1,0.5000,0.5000,0,1.0842,0.8048
2.1384,1785919152.871645,A,1,0.5000,0.5000,0,0.9757,0.7682
2.2184,1785919152.951856,A,1,0.5000,0.5000,0,0.8835,0.7450
2.2984,1785919153.031632,A,1,0.5000,0.5000,0,0.9746,0.7959
2.3754,1785919153.108783,A,1,0.5000,0.5000,0,0.9329,0.7646
2.4535,1785919153.186874,A,1,0.5000,0.5000,0,1.0497,0.8254
2.5314,1785919153.264624,A,1,0.5200,0.5667,0,1.0093,0.7601
2.6104,1785919153.343695,A,1,0.4801,0.3871,0,1.0527,0.7488
2.6904,1785919153.423696,A,1,0.4392,0.3438,0,1.0857,0.7440
2.7685,1785919153.501868,A,1,0.4075,0.3333,0,1.0804,0.7542
2.8466,1785919153.579867,A,1,0.4087,0.4118,0,1.0623,0.7479
2.9265,1785919153.659778,A,1,0.5176,0.7714,0,0.9875,0.7111
3.0045,1785919153.737935,A,1,0.6290,0.8889,0,0.9501,0.7271
3.0853,1785919153.819319,A,1,0.7322,0.9730,1,0.8819,0.7099
3.1627,1785919153.895958,A,1,0.8125,1,1,0.8175,0.7189
3.2428,1785919153.976154,A,1,0.8688,1,1,0.7907,0.7177
3.3197,1785919154.053010,A,1,0.9081,1,1,0.7629,0.6996
3.3982,1785919154.131655,A,1,0.9284,0.9756,1,0.7750,0.7048
3.4766,1785919154.209865,A,1,0.9284,0.9286,1,0.8308,0.6863
3.5545,1785919154.287718,A,1,0.9080,0.8605,1,0.8846,0.6868
3.6345,1785919154.367971,A,1,0.8402,0.6818,1,0.9694,0.7304
3.7125,1785919154.445740,A,1,0.8215,0.7778,1,0.9236,0.6814
3.7924,1785919154.525681,A,1,0.7511,0.5870,1,1.0043,0.7034
3.8705,1785919154.603953,A,1,0.7683,0.8085,1,0.9208,0.6667
3.9495,1785919154.682859,A,1,0.8003,0.8750,1,0.8769,0.6761
4.0285,1785919154.762020,A,1,0.8419,0.9388,1,0.8388,0.6699
4.1067,1785919154.840140,A,1,0.8833,0.9800,1,0.7824,0.6874
4.1846,1785919154.917959,A,1,0.9183,1,1,0.6863,0.6557
4.2645,1785919154.997932,A,1,0.9428,1,1,0.6842,0.6524
4.3425,1785919155.076037,A,1,0.9600,1,1,0.6647,0.6382
4.4226,1785919155.155977,A,1,0.9664,0.9815,1,0.6874,0.6298
4.4996,1785919155.233017,A,1,0.9547,0.9273,1,0.7557,0.6451
4.5785,1785919155.311768,A,1,0.9415,0.9107,1,0.7863,0.6504
4.6565,1785919155.389778,A,1,0.9064,0.8246,1,0.8433,0.6541
4.7346,1785919155.467885,A,1,0.8621,0.7586,1,0.8717,0.6400
4.8116,1785919155.544994,A,1,0.8221,0.7288,1,0.8837,0.6526
4.8885,1785919155.621831,A,1,0.8405,0.8833,1,0.8155,0.6227
4.9665,1785919155.699885,A,1,0.8637,0.9180,1,0.7691,0.6216
5.0456,1785919155.779250,A,1,0.8853,0.9355,1,0.7364,0.6322
5.1414,1785919155.874731,B,1,0.9197,1,1,0.6712,0.6230
5.2355,1785919155.968763,B,1,0.9438,1,1,0.6218,0.6391
5.3145,1785919156.047753,B,1,0.9606,1,1,0.6093,0.6249
5.3934,1785919156.126758,B,1,0.9634,0.9697,1,0.6421,0.6185
5.4714,1785919156.204665,B,1,0.9385,0.8806,1,0.7219,0.6458
5.5495,1785919156.282950,B,1,0.9040,0.8235,1,0.7693,0.6313
5.6285,1785919156.361967,B,1,0.8893,0.8551,1,0.7611,0.6247
5.7075,1785919156.440915,B,1,0.8068,0.6143,1,0.8805,0.6645
5.7845,1785919156.517906,B,1,0.7845,0.7324,1,0.8370,0.6218
5.8625,1785919156.596123,B,1,0.7616,0.7083,1,0.8457,0.6361
5.9416,1785919156.675080,B,1,0.7674,0.7808,1,0.8024,0.6284
6.0204,1785919156.753741,B,1,0.8047,0.8919,1,0.7269,0.6170
6.0994,1785919156.832750,B,1,0.8313,0.8933,1,0.7064,0.6386
6.1784,1785919156.911851,B,1,0.8701,0.9605,1,0.6582,0.6345
6.2573,1785919156.990562,B,1,0.8974,0.9610,1,0.6304,0.6548
6.3333,1785919157.066555,B,1,0.9166,0.9615,1,0.6366,0.6361
6.4123,1785919157.145715,B,1,0.9151,0.9114,1,0.6595,0.6458
6.4906,1785919157.223824,B,1,0.8918,0.8375,1,0.7105,0.6465
6.5695,1785919157.302813,B,1,0.8465,0.7407,1,0.7716,0.6568
6.6486,1785919157.381955,B,1,0.7901,0.6585,1,0.8252,0.6401
6.7275,1785919157.460791,B,1,0.7266,0.5783,1,0.8554,0.6438
6.8053,1785919157.538544,B,1,0.6764,0.5595,0,0.8699,0.6427
6.8838,1785919157.617290,B,1,0.6606,0.6235,0,0.8430,0.6508
6.9628,1785919157.696049,B,1,0.6543,0.6395,0,0.8365,0.6465
7.0418,1785919157.775194,B,1,0.6718,0.7126,0,0.7898,0.6523
7.1218,1785919157.855257,B,1,0.7362,0.8864,1,0.6909,0.6378
7.1998,1785919157.933261,B,1,0.8119,0.9888,1,0.6157,0.6183
7.2788,1785919158.012301,B,1,0.8184,0.8333,1,0.6924,0.6672
7.3578,1785919158.091058,B,1,0.8531,0.9341,1,0.6373,0.6448
7.4350,1785919158.168346,B,1,0.8482,0.8370,1,0.7005,0.6447
7.5139,1785919158.247176,B,1,0.8228,0.7634,1,0.7456,0.6288
7.5929,1785919158.326286,B,1,0.7930,0.7234,1,0.7679,0.6303
7.6709,1785919158.404447,B,1,0.7351,0.6000,1,0.8312,0.6417
7.7478,1785919158.481106,B,1,0.7114,0.6562,1,0.8147,0.6090
7.8277,1785919158.561085,B,1,0.6836,0.6186,0,0.8354,0.6179
7.9057,1785919158.639218,B,1,0.6561,0.5918,0,0.8215,0.6519
7.9847,1785919158.717982,B,1,0.6895,0.7677,0,0.7524,0.6377
8.0640,1785919158.797240,B,1,0.7137,0.7700,1,0.7379,0.6456
8.1424,1785919158.875814,B,1,0.7847,0.9505,1,0.6471,0.6190
8.2213,1785919158.954528,B,1,0.8258,0.9216,1,0.6379,0.6450
8.3003,1785919159.033559,B,1,0.8722,0.9806,1,0.6187,0.6261
8.3783,1785919159.111583,B,1,0.9106,1,1,0.5936,0.6262
8.4573,1785919159.190685,B,1,0.9260,0.9619,1,0.6318,0.6183
8.5364,1785919159.269800,B,1,0.8944,0.8208,1,0.7009,0.6253
8.6153,1785919159.348598,B,1,0.8251,0.6636,1,0.7828,0.6167
8.6944,1785919159.427794,B,1,0.7498,0.5741,1,0.8239,0.6243
8.7738,1785919159.507249,B,1,0.6735,0.4954,0,0.8475,0.6357
8.8502,1785919159.583475,B,1,0.6596,0.6273,0,0.8098,0.6155
8.9296,1785919159.663131,B,1,0.6753,0.7117,0,0.7749,0.6081
9.0087,1785919159.742030,B,1,0.6923,0.7321,0,0.7518,0.6286
9.0874,1785919159.820793,B,1,0.7581,0.9115,1,0.6467,0.6266
9.1653,1785919159.898537,B,1,0.8307,1,1,0.5916,0.6086
9.2444,1785919159.977883,B,1,0.8815,1,1,0.5575,0.6044
9.3235,1785919160.056865,B,1,0.9144,0.9914,1,0.5669,0.6195
9.4020,1785919160.135305,B,1,0.9350,0.9829,1,0.5795,0.6200
9.4811,1785919160.214325,B,1,0.9367,0.9407,1,0.6202,0.6214
9.5590,1785919160.292425,B,1,0.9002,0.8151,1,0.6836,0.6219
9.6381,1785919160.371348,B,1,0.8527,0.7417,1,0.7200,0.6254
9.7170,1785919160.450306,B,1,0.8076,0.7025,1,0.7564,0.5974
9.7943,1785919160.527574,B,1,0.7448,0.5984,1,0.8090,0.6047
9.8731,1785919160.606388,B,1,0.7263,0.6829,1,0.7588,0.6127
9.9522,1785919160.685500,B,1,0.7406,0.7742,1,0.7139,0.6165
10.0312,1785919160.764435,B,1,0.7752,0.8560,1,0.6651,0.6077
10.1092,1785919160.842480,B,1,0.8308,0.9603,1,0.6071,0.6136
10.1884,1785919160.921713,B,1,0.8792,0.9921,1,0.5648,0.6116
10.2673,1785919161.000544,B,1,0.9131,0.9922,1,0.5558,0.6118
10.3433,1785919161.076653,B,1,0.9368,0.9922,1,0.5579,0.6055
10.4223,1785919161.155734,B,1,0.9419,0.9538,1,0.5883,0.6132
10.5013,1785919161.234572,B,1,0.9250,0.8855,1,0.6341,0.6154
10.5794,1785919161.312787,B,1,0.8793,0.7727,1,0.6949,0.6128
10.6582,1785919161.391580,B,1,0.8073,0.6391,1,0.7502,0.6278
10.7371,1785919161.470411,B,1,0.7487,0.6119,1,0.7670,0.6132
10.8165,1785919161.549771,B,1,0.6974,0.5778,0,0.7765,0.6124
10.8941,1785919161.627385,B,1,0.6558,0.5588,0,0.7758,0.6217
10.9722,1785919161.705851,B,1,0.6627,0.6788,0,0.7409,0.6194
11.0526,1785919161.785905,B,1,0.7074,0.8116,1,0.6722,0.6125
11.1302,1785919161.863436,B,1,0.7757,0.9353,1,0.6044,0.6102
11.2092,1785919161.942504,B,1,0.8237,0.9357,1,0.5970,0.6207
11.2882,1785919162.021451,B,1,0.8660,0.9645,1,0.5695,0.6232
11.3664,1785919162.099844,B,1,0.8914,0.9507,1,0.5821,0.6161
11.4454,1785919162.178711,B,1,0.8862,0.8741,1,0.6247,0.6180
11.5245,1785919162.258008,B,1,0.8537,0.7778,1,0.6739,0.6166
11.6032,1785919162.336503,B,1,0.7755,0.5931,1,0.7468,0.6395
11.6820,1785919162.415352,B,1,0.6744,0.4384,0,0.8165,0.6355
11.7593,1785919162.492598,B,1,0.5884,0.3878,0,0.8434,0.6305
11.8379,1785919162.571182,B,1,0.5254,0.3784,0,0.8438,0.6359
11.9169,1785919162.650166,B,1,0.5047,0.4564,0,0.8127,0.6344
11.9960,1785919162.729661,B,1,0.5373,0.6133,0,0.7454,0.6386
12.0749,1785919162.808106,B,1,0.5986,0.7417,0,0.6934,0.6222
12.1539,1785919162.887151,B,1,0.6243,0.6842,0,0.7007,0.6564
12.2320,1785919162.965422,B,1,0.6958,0.8627,0,0.6335,0.6176
12.3112,1785919163.044402,B,1,0.7267,0.7987,1,0.6519,0.6453
12.3900,1785919163.123249,B,1,0.7332,0.7484,1,0.6692,0.6496
12.4692,1785919163.202451,B,1,0.6921,0.5962,0,0.7343,0.6573
12.5479,1785919163.281216,B,1,0.5953,0.3694,0,0.8237,0.6668
12.6260,1785919163.359420,B,1,0.5002,0.2785,0,0.8737,0.6730
12.7049,1785919163.438176,B,1,0.4275,0.2579,0,0.9058,0.6632
12.7819,1785919163.515140,B,1,0.3743,0.2500,0,0.9087,0.6650
12.8600,1785919163.593361,B,1,0.3328,0.2360,0,0.9235,0.6631
12.9390,1785919163.672393,B,1,0.3163,0.2778,0,0.8893,0.6682
13.0180,1785919163.751638,B,1,0.3282,0.3558,0,0.8359,0.6644
13.0970,1785919163.830363,B,1,0.4254,0.6524,0,0.7215,0.6556
13.1761,1785919163.909427,B,1,0.4214,0.4121,0,0.7992,0.6963
13.2549,1785919163.988188,B,1,0.4269,0.4398,0,0.7813,0.7055
13.3340,1785919164.067393,B,1,0.4749,0.5868,0,0.7251,0.6884
13.4120,1785919164.145389,B,1,0.4342,0.3393,0,0.8144,0.7094
13.4910,1785919164.224423,B,1,0.4353,0.4379,0,0.8013,0.6745
13.5699,1785919164.303183,B,1,0.3841,0.2647,0,0.8819,0.6835
13.6489,1785919164.382170,B,1,0.3321,0.2105,0,0.9227,0.6911
13.7252,1785919164.458575,B,1,0.3092,0.2558,0,0.9088,0.6604
13.8040,1785919164.537215,B,1,0.2771,0.2023,0,0.9433,0.6817
13.8825,1785919164.615957,B,1,0.2543,0.2011,0,0.9519,0.6904
13.9616,1785919164.694906,B,1,0.2466,0.2286,0,0.9076,0.7046
14.0386,1785919164.772208,B,1,0.2681,0.3182,0,0.8484,0.6991
14.1176,1785919164.850970,B,1,0.3182,0.4350,0,0.8002,0.6938
14.1956,1785919164.929025,B,1,0.3828,0.5337,0,0.7713,0.6797
14.2744,1785919165.007629,B,1,0.4456,0.5922,0,0.7263,0.6979
14.3534,1785919165.086705,B,1,0.5253,0.7111,0,0.6942,0.6696
14.4324,1785919165.165783,B,1,0.5318,0.5470,0,0.7651,0.6665
14.5103,1785919165.243602,B,1,0.4711,0.3297,0,0.8381,0.6928
14.5894,1785919165.322809,B,1,0.4216,0.3060,0,0.8672,0.6780
14.6684,1785919165.401692,B,1,0.3685,0.2446,0,0.9041,0.6807
14.7463,1785919165.479738,B,1,0.3390,0.2703,0,0.9099,0.6498
14.8253,1785919165.558657,B,1,0.3034,0.2204,0,0.9281,0.6668
14.9048,1785919165.638225,B,1,0.3087,0.3209,0,0.8757,0.6551
14.9837,1785919165.717002,B,1,0.3118,0.3191,0,0.8717,0.6646
15.0618,1785919165.795331,B,1,0.3072,0.2963,0,0.8654,0.6961
15.1567,1785919165.889987,A,2,0.3855,0.5684,0,0.7560,0.6732
15.2359,1785919165.969330,A,2,0.4348,0.5497,0,0.7614,0.6923
15.3148,1785919166.048224,A,2,0.5122,0.6927,0,0.7142,0.6688
15.3928,1785919166.126083,A,2,0.5046,0.4870,0,0.7761,0.7034
15.4729,1785919166.206397,A,2,0.4429,0.2990,0,0.8533,0.7126
15.5518,1785919166.285088,A,2,0.4239,0.3795,0,0.8269,0.6851
15.6309,1785919166.364154,A,2,0.3748,0.2602,0,0.8871,0.6964
15.7088,1785919166.442089,A,2,0.3233,0.2030,0,0.9323,0.6630
15.7869,1785919166.520281,A,2,0.2808,0.1818,0,0.9581,0.6778
15.8649,1785919166.598142,A,2,0.2524,0.1859,0,0.9487,0.6889
15.9429,1785919166.676165,A,2,0.2367,0.2000,0,0.9305,0.6796
16.0229,1785919166.756284,A,2,0.2716,0.3532,0,0.8438,0.6934
16.1019,1785919166.835299,A,2,0.3179,0.4257,0,0.8120,0.6936
16.1789,1785919166.912364,A,2,0.3732,0.5025,0,0.7914,0.6825
16.2579,1785919166.991358,A,2,0.4216,0.5343,0,0.7721,0.6899
16.3368,1785919167.070055,A,2,0.4868,0.6390,0,0.7364,0.6754
16.4149,1785919167.148172,A,2,0.4485,0.3592,0,0.8269,0.7145
16.4940,1785919167.227741,A,2,0.4285,0.3816,0,0.8256,0.6947
16.5729,1785919167.306244,A,2,0.3504,0.1683,0,0.9450,0.7093
16.6519,1785919167.385165,A,2,0.2955,0.1675,0,0.9635,0.6985
16.7299,1785919167.463135,A,2,0.2354,0.0952,0,1.0488,0.7272
16.8088,1785919167.542094,A,2,0.2217,0.1896,0,0.9559,0.6796
16.8876,1785919167.620837,A,2,0.1863,0.1038,0,1.0246,0.7485
16.9656,1785919167.698876,A,2,0.1572,0.0892,0,1.0489,0.7374
17.0451,1785919167.778534,A,2,0.1717,0.2056,0,0.9222,0.7291
17.1241,1785919167.857518,A,2,0.1955,0.2512,0,0.8876,0.7349
17.2032,1785919167.936746,A,2,0.2230,0.2870,0,0.8641,0.7411
17.2812,1785919168.014597,A,2,0.2211,0.2166,0,0.8960,0.7478
17.3612,1785919168.094508,A,2,0.2373,0.2752,0,0.8768,0.7295
17.4392,1785919168.172619,A,2,0.2113,0.1507,0,0.9617,0.7494
17.5181,1785919168.251647,A,2,0.1861,0.1273,0,0.9855,0.7554
17.5971,1785919168.330384,A,2,0.1425,0.0407,0,1.0899,0.7752
17.6752,1785919168.408502,A,2,0.1362,0.1216,0,1.0165,0.7244
17.7542,1785919168.487588,A,2,0.1115,0.0538,0,1.0895,0.7408
17.8333,1785919168.566682,A,2,0.0794,0.0045,0,1.1832,0.8190
17.9124,1785919168.645935,A,2,0.0769,0.0711,0,1.0766,0.7591
17.9912,1785919168.724504,A,2,0.0645,0.0354,0,1.0955,0.7893
18.0693,1785919168.802523,A,2,0.0636,0.0617,0,1.0544,0.8055
18.1472,1785919168.880449,A,2,0.0748,0.1009,0,1.0216,0.7967
18.2273,1785919168.960635,A,2,0.0943,0.1397,0,0.9905,0.7885
18.3063,1785919169.039635,A,2,0.0934,0.0913,0,1.0207,0.8194
18.3853,1785919169.118505,A,2,0.1199,0.1818,0,0.9590,0.7686
18.4633,1785919169.196628,A,2,0.1085,0.0819,0,1.0485,0.8067
18.5433,1785919169.276607,A,2,0.0850,0.0300,0,1.1094,0.7866
18.6224,1785919169.355758,A,2,0.0620,0.0085,0,1.1522,0.8094
18.7003,1785919169.433549,A,2,0.0460,0.0085,0,1.1842,0.8133
18.7794,1785919169.512626,A,2,0.0360,0.0127,0,1.1743,0.8101
18.8574,1785919169.590688,A,2,0.0265,0.0042,0,1.1989,0.8132
18.9353,1785919169.668700,A,2,0.0337,0.0504,0,1.1126,0.7785
19.0124,1785919169.745613,A,2,0.0336,0.0335,0,1.1226,0.8134
19.0913,1785919169.824595,A,2,0.0798,0.1875,0,0.9870,0.7636
19.1693,1785919169.902579,A,2,0.0982,0.1411,0,1.0196,0.7967
19.2494,1785919169.982715,A,2,0.1419,0.2438,0,0.9363,0.7588
19.3284,1785919170.061739,A,2,0.1623,0.2099,0,0.9634,0.7889
19.4074,1785919170.140659,A,2,0.1812,0.2254,0,0.9593,0.7570
19.4854,1785919170.218886,A,2,0.1611,0.1143,0,1.0535,0.7795
19.5653,1785919170.298802,A,2,0.1774,0.2154,0,0.9888,0.7406
19.6434,1785919170.376673,A,2,0.1582,0.1134,0,1.0666,0.7651
19.7223,1785919170.455744,A,2,0.1216,0.0363,0,1.1405,0.7791
19.8010,1785919170.534445,A,2,0.1092,0.0803,0,1.1088,0.7391
19.8789,1785919170.612154,A,2,0.1341,0.1920,0,1.0202,0.7294
19.9570,1785919170.690556,A,2,0.1524,0.1952,0,1.0118,0.7432
20.0364,1785919170.769670,A,2,0.2293,0.4087,0,0.8747,0.6957
20.1155,1785919170.848817,A,2,0.2696,0.3636,0,0.8821,0.7232
20.2083,1785919170.941530,B,2,0.3399,0.5039,0,0.8095,0.7178
20.3045,1785919171.037766,B,2,0.4132,0.5843,0,0.7830,0.7059
20.3824,1785919171.115943,B,2,0.4510,0.5391,0,0.8033,0.7041
20.4621,1785919171.195483,B,2,0.4488,0.4436,0,0.8486,0.7060
20.5400,1785919171.273324,B,2,0.4374,0.4109,0,0.8745,0.6886
20.6200,1785919171.353253,B,2,0.4440,0.4595,0,0.8695,0.6557
20.6982,1785919171.431450,B,2,0.4031,0.3077,0,0.9388,0.6812
20.7780,1785919171.511328,B,2,0.3707,0.2950,0,0.9520,0.6826
20.8561,1785919171.589450,B,2,0.3488,0.2977,0,0.9476,0.6862
20.9343,1785919171.667661,B,2,0.3559,0.3726,0,0.9061,0.6763
21.0116,1785919171.744885,B,2,0.3662,0.3902,0,0.8920,0.6906
21.0915,1785919171.824771,B,2,0.4250,0.5623,0,0.8151,0.6815
21.1695,1785919171.902889,B,2,0.4881,0.6353,0,0.7786,0.6824
21.2495,1785919171.982759,B,2,0.5473,0.6854,0,0.7448,0.6918
21.3275,1785919172.060820,B,2,0.5947,0.7052,0,0.7321,0.6917
21.4056,1785919172.139031,B,2,0.6181,0.6729,0,0.7598,0.6765
21.4835,1785919172.216785,B,2,0.6382,0.6852,0,0.7617,0.6553
21.5628,1785919172.296078,B,2,0.6029,0.5203,0,0.8332,0.6658
21.6428,1785919172.376156,B,2,0.5477,0.4191,0,0.8843,0.6597
21.7208,1785919172.454194,B,2,0.4713,0.2930,0,0.9420,0.6846
21.8003,1785919172.533555,B,2,0.4493,0.3978,0,0.9023,0.6504
21.8804,1785919172.613898,B,2,0.4170,0.3418,0,0.9197,0.6698
21.9583,1785919172.691519,B,2,0.4430,0.5036,0,0.8431,0.6580
22.0384,1785919172.771936,B,2,0.5116,0.6715,0,0.7788,0.6531
22.1164,1785919172.849695,B,2,0.5793,0.7374,0,0.7389,0.6644
22.1933,1785919172.926609,B,2,0.6593,0.8459,0,0.6801,0.6515
22.2726,1785919173.005864,B,2,0.7133,0.8393,1,0.6808,0.6566
22.3503,1785919173.083700,B,2,0.7523,0.8434,1,0.6815,0.6547
22.4273,1785919173.160808,B,2,0.7256,0.6631,1,0.7651,0.6778
22.5066,1785919173.239869,B,2,0.6849,0.5901,0,0.7991,0.6723
22.5844,1785919173.317706,B,2,0.6210,0.4718,0,0.8509,0.6612
22.6643,1785919173.397592,B,2,0.5105,0.2526,0,0.9606,0.6875
22.7424,1785919173.475893,B,2,0.4559,0.3287,0,0.9159,0.6831
22.8223,1785919173.555555,B,2,0.4059,0.2892,0,0.9443,0.6735
22.9003,1785919173.633529,B,2,0.4019,0.3924,0,0.8926,0.6694
22.9804,1785919173.713805,B,2,0.4048,0.4118,0,0.8699,0.6890
23.0574,1785919173.790687,B,2,0.4427,0.5310,0,0.8190,0.6869
23.1374,1785919173.870672,B,2,0.5449,0.7835,0,0.7237,0.6536
23.2154,1785919173.948778,B,2,0.6198,0.7945,0,0.7148,0.6619
23.2955,1785919174.028831,B,2,0.6561,0.7406,0,0.7355,0.6686
23.3736,1785919174.106864,B,2,0.7062,0.8231,1,0.6897,0.6683
23.4521,1785919174.185413,B,2,0.6987,0.6814,0,0.7606,0.6588
23.5317,1785919174.265002,B,2,0.6655,0.5878,0,0.8052,0.6619
23.6098,1785919174.343027,B,2,0.6012,0.4512,0,0.8573,0.6700
23.6897,1785919174.423000,B,2,0.5205,0.3322,0,0.9084,0.6787
23.7677,1785919174.500980,B,2,0.4506,0.2876,0,0.9362,0.6792
23.8458,1785919174.579019,B,2,0.3884,0.2433,0,0.9530,0.7012
23.9247,1785919174.657920,B,2,0.3749,0.3433,0,0.9019,0.6851
24.0037,1785919174.736955,B,2,0.4354,0.5767,0,0.8103,0.6634
24.0817,1785919174.814901,B,2,0.4868,0.6067,0,0.7889,0.6815
24.1617,1785919174.895007,B,2,0.5588,0.7267,0,0.7391,0.6679
24.2397,1785919174.972968,B,2,0.6151,0.7467,0,0.7317,0.6698
24.3177,1785919175.050948,B,2,0.6926,0.8733,0,0.6598,0.6559
24.3955,1785919175.128804,B,2,0.7358,0.8367,1,0.6849,0.6527
24.4734,1785919175.206994,B,2,0.7401,0.7500,1,0.7327,0.6608
24.5535,1785919175.286822,B,2,0.6870,0.5633,0,0.8081,0.6620
24.6313,1785919175.364694,B,2,0.6129,0.4400,0,0.8675,0.6463
24.7112,1785919175.444518,B,2,0.5501,0.4033,0,0.8837,0.6517
24.7882,1785919175.521459,B,2,0.4930,0.3600,0,0.9007,0.6525
24.8653,1785919175.598631,B,2,0.4641,0.3967,0,0.8796,0.6618
24.9432,1785919175.676463,B,2,0.4829,0.5267,0,0.8353,0.6404
25.0232,1785919175.756622,B,2,0.5380,0.6667,0,0.7728,0.6393
25.1013,1785919175.834693,B,2,0.6246,0.8267,0,0.6967,0.6438
25.1818,1785919175.915179,B,2,0.7072,0.9000,1,0.6407,0.6482
25.2592,1785919175.992414,B,2,0.7821,0.9567,1,0.5973,0.6265
25.3392,1785919176.072402,B,2,0.8274,0.9333,1,0.6237,0.6209
25.4166,1785919176.149896,B,2,0.8652,0.9533,1,0.6072,0.6105
25.4956,1785919176.229313,B,2,0.8786,0.9100,1,0.6447,0.6194
25.5753,1785919176.308695,B,2,0.8471,0.7733,1,0.7247,0.6271
25.6533,1785919176.386616,B,2,0.8149,0.7400,1,0.7514,0.6210
25.7312,1785919176.464468,B,2,0.7565,0.6200,1,0.8014,0.6103
25.8094,1785919176.542624,B,2,0.6985,0.5633,0,0.8169,0.6286
25.8892,1785919176.622438,B,2,0.6720,0.6100,0,0.7938,0.6313
25.9675,1785919176.700794,B,2,0.7084,0.7933,1,0.7177,0.6191
26.0453,1785919176.778717,B,2,0.7529,0.8567,1,0.6761,0.6188
26.1244,1785919176.857788,B,2,0.8170,0.9667,1,0.5966,0.6134
26.2033,1785919176.936596,B,2,0.8659,0.9800,1,0.5754,0.6165
26.2814,1785919177.014764,B,2,0.9021,0.9867,1,0.5646,0.6237
26.3613,1785919177.094586,B,2,0.9195,0.9600,1,0.5827,0.6284
26.4393,1785919177.172593,B,2,0.9356,0.9733,1,0.5725,0.6227
26.5194,1785919177.253005,B,2,0.9240,0.8967,1,0.6418,0.6101
26.5964,1785919177.329808,B,2,0.8728,0.7533,1,0.7262,0.6159
26.6743,1785919177.407595,B,2,0.8249,0.7133,1,0.7552,0.6060
26.7534,1785919177.486722,B,2,0.7785,0.6700,1,0.7631,0.6184
26.8313,1785919177.564621,B,2,0.7509,0.6867,1,0.7579,0.6153
26.9113,1785919177.644564,B,2,0.7266,0.6700,1,0.7626,0.6163
26.9893,1785919177.722561,B,2,0.7517,0.8100,1,0.6985,0.6200
27.0683,1785919177.801578,B,2,0.7862,0.8667,1,0.6563,0.6149
27.1464,1785919177.879718,B,2,0.8463,0.9867,1,0.5646,0.6166
27.2244,1785919177.957805,B,2,0.8924,1,1,0.5427,0.6281
27.3010,1785919178.034407,B,2,0.9247,1,1,0.5459,0.6094
27.3796,1785919178.112987,B,2,0.9353,0.9600,1,0.5762,0.6187
27.4586,1785919178.191997,B,2,0.9327,0.9267,1,0.6061,0.6082
27.5368,1785919178.270627,B,2,0.9029,0.8333,1,0.6688,0.6163
27.6168,1785919178.350193,B,2,0.8540,0.7400,1,0.7192,0.6168
27.6948,1785919178.428343,B,2,0.7738,0.5867,1,0.7711,0.6242
27.7737,1785919178.506904,B,2,0.7187,0.5900,1,0.7774,0.6102
27.8531,1785919178.586320,B,2,0.6601,0.5233,0,0.7990,0.6256
27.9302,1785919178.663449,B,2,0.6700,0.6933,0,0.7471,0.6129
28.0099,1785919178.743187,B,2,0.7070,0.7933,1,0.6919,0.6291
28.0897,1785919178.823019,B,2,0.7559,0.8700,1,0.6409,0.6274
28.1678,1785919178.901007,B,2,0.7931,0.8800,1,0.6360,0.6135
28.2478,1785919178.981051,B,2,0.8372,0.9400,1,0.5881,0.6252
28.3247,1785919179.057997,B,2,0.8860,1,1,0.5445,0.6087
28.4038,1785919179.137124,B,2,0.8922,0.9067,1,0.6043,0.6287
28.4819,1785919179.215327,B,2,0.8606,0.7867,1,0.6838,0.6282
28.5619,1785919179.295426,B,2,0.8074,0.6833,1,0.7422,0.6198
28.6399,1785919179.373093,B,2,0.7422,0.5900,1,0.7667,0.6228
28.7203,1785919179.453629,B,2,0.6495,0.4333,0,0.8279,0.6340
28.7979,1785919179.531207,B,2,0.6007,0.4867,0,0.8125,0.6275
28.8759,1785919179.609162,B,2,0.5445,0.4133,0,0.8304,0.6460
28.9548,1785919179.688086,B,2,0.5311,0.5000,0,0.8039,0.6288
29.0335,1785919179.766804,B,2,0.5808,0.6967,0,0.7268,0.6464
29.1133,1785919179.846667,B,2,0.6236,0.7233,0,0.7160,0.6351
29.1932,1785919179.926409,B,2,0.6865,0.8333,0,0.6553,0.6375
29.2715,1785919180.004748,B,2,0.7415,0.8700,1,0.6283,0.6430
29.3511,1785919180.084396,B,2,0.7501,0.7700,1,0.6857,0.6472
29.4275,1785919180.160788,B,2,0.7641,0.7967,1,0.6788,0.6313
29.5064,1785919180.239890,B,2,0.7368,0.6733,1,0.7320,0.6386
29.5865,1785919180.319803,B,2,0.6278,0.3733,0,0.8327,0.6628
29.6640,1785919180.397268,B,2,0.5445,0.3500,0,0.8443,0.6583
29.7421,1785919180.475516,B,2,0.4751,0.3133,0,0.8844,0.6354
29.8196,1785919180.552997,B,2,0.4016,0.2300,0,0.9171,0.6558
29.8975,1785919180.630802,B,2,0.3731,0.3067,0,0.8804,0.6511
29.9775,1785919180.710781,B,2,0.3902,0.4300,0,0.8207,0.6580
30.0555,1785919180.788935,B,2,0.4531,0.6000,0,0.7522,0.6527
30.1345,1785919180.867715,B,2,0.5282,0.7033,0,0.7244,0.6515
30.2274,1785919180.960918,A,3,0.6097,0.8000,0,0.6646,0.6658
30.3065,1785919181.039804,A,3,0.6648,0.7933,0,0.6623,0.6784
30.3855,1785919181.118890,A,3,0.6374,0.5733,0,0.7377,0.6876
30.4646,1785919181.197824,A,3,0.6102,0.5467,0,0.7617,0.6647
30.5435,1785919181.276706,A,3,0.6091,0.6067,0,0.7564,0.6385
30.6225,1785919181.355748,A,3,0.5714,0.4833,0,0.8055,0.6434
30.7015,1785919181.434723,A,3,0.4770,0.2567,0,0.9069,0.6515
30.7805,1785919181.513758,A,3,0.4049,0.2367,0,0.9121,0.6577
30.8575,1785919181.590746,A,3,0.3334,0.1667,0,0.9412,0.6794
30.9365,1785919181.669715,A,3,0.3344,0.3367,0,0.8686,0.6575
31.0155,1785919181.749014,A,3,0.3951,0.5367,0,0.7804,0.6504
31.0936,1785919181.826942,A,3,0.5046,0.7600,0,0.7074,0.6361
31.1725,1785919181.905917,A,3,0.6122,0.8633,0,0.6375,0.6338
31.2519,1785919181.985262,A,3,0.7045,0.9200,1,0.6020,0.6154
31.3306,1785919182.063979,A,3,0.7442,0.8367,1,0.6424,0.6529
31.4096,1785919182.142951,A,3,0.7649,0.8133,1,0.6667,0.6360
31.4876,1785919182.221010,A,3,0.7064,0.5700,1,0.7571,0.6613
31.5671,1785919182.300320,A,3,0.7085,0.7133,1,0.7308,0.6175
31.6463,1785919182.379518,A,3,0.6020,0.3533,0,0.8633,0.6538
31.7251,1785919182.458344,A,3,0.5314,0.3667,0,0.8552,0.6472
31.8025,1785919182.535771,A,3,0.4890,0.3900,0,0.8533,0.6356
31.8816,1785919182.614991,A,3,0.4733,0.4367,0,0.8333,0.6363
31.9606,1785919182.693989,A,3,0.4933,0.5400,0,0.7876,0.6372
32.0401,1785919182.773603,A,3,0.5373,0.6400,0,0.7396,0.6618
32.1172,1785919182.850597,A,3,0.5811,0.6833,0,0.7300,0.6622
32.1961,1785919182.929359,A,3,0.6388,0.7733,0,0.6926,0.6502
32.2753,1785919183.008592,A,3,0.7071,0.8667,1,0.6352,0.6451
32.3541,1785919183.087393,A,3,0.7550,0.8667,1,0.6320,0.6463
32.4332,1785919183.166480,A,3,0.7315,0.6767,1,0.7308,0.6603
32.5114,1785919183.244678,A,3,0.6851,0.5767,0,0.7592,0.6514
32.5885,1785919183.321741,A,3,0.5915,0.3733,0,0.8502,0.6483
32.6666,1785919183.399909,A,3,0.5171,0.3433,0,0.8644,0.6590
32.7456,1785919183.478804,A,3,0.4260,0.2133,0,0.9190,0.6629
32.8245,1785919183.557781,A,3,0.3862,0.2933,0,0.8916,0.6561
32.9027,1785919183.636243,A,3,0.3163,0.1533,0,0.9448,0.6948
32.9816,1785919183.714869,A,3,0.3114,0.3000,0,0.8775,0.6780
33.0606,1785919183.794237,A,3,0.3400,0.4067,0,0.8232,0.6920
33.1396,1785919183.872837,A,3,0.3990,0.5367,0,0.7690,0.6821
33.2186,1785919183.952040,A,3,0.4813,0.6733,0,0.7240,0.6775
33.2976,1785919184.030858,A,3,0.5739,0.7900,0,0.6825,0.6644
33.3746,1785919184.107785,A,3,0.5447,0.4767,0,0.7903,0.6947
33.4537,1785919184.187136,A,3,0.4913,0.3667,0,0.8410,0.6963
33.5327,1785919184.265998,A,3,0.4499,0.3533,0,0.8442,0.7013
33.6109,1785919184.344305,A,3,0.3629,0.1600,0,0.9403,0.6974
33.6899,1785919184.423288,A,3,0.2941,0.1333,0,0.9525,0.6964
33.7689,1785919184.502218,A,3,0.2258,0.0667,0,1.0712,0.7211
33.8479,1785919184.581221,A,3,0.1921,0.1133,0,1.0033,0.7097
33.9258,1785919184.659090,A,3,0.1695,0.1167,0,0.9882,0.7326
34.0030,1785919184.736352,A,3,0.1496,0.1033,0,0.9966,0.7388
34.0819,1785919184.815486,A,3,0.1777,0.2433,0,0.8839,0.7223
34.1588,1785919184.892120,A,3,0.1874,0.2100,0,0.8961,0.7409
34.2380,1785919184.971529,A,3,0.1722,0.1367,0,0.9222,0.7777
34.3168,1785919185.050113,A,3,0.1865,0.2200,0,0.8867,0.7464
34.3938,1785919185.127111,A,3,0.1916,0.2033,0,0.9032,0.7454
34.4730,1785919185.206406,A,3,0.1711,0.1233,0,0.9630,0.7632
34.5518,1785919185.285089,A,3,0.1458,0.0867,0,1.0071,0.7690
34.6308,1785919185.364081,A,3,0.1100,0.0267,0,1.1118,0.7851
34.7098,1785919185.443091,A,3,0.0850,0.0267,0,1.1247,0.7795
34.7889,1785919185.522287,A,3,0.0675,0.0267,0,1.1295,0.7718
34.8680,1785919185.601339,A,3,0.0533,0.0200,0,1.1480,0.7911
34.9469,1785919185.680164,A,3,0.0483,0.0367,0,1.1236,0.7715
35.0255,1785919185.758887,A,3,0.0488,0.0500,0,1.0961,0.8013
35.1045,1785919185.837970,A,3,0.0652,0.1033,0,1.0104,0.7881
35.1835,1785919185.916739,A,3,0.1386,0.3100,0,0.8758,0.7289
35.2774,1785919186.010785,B,3,0.1510,0.1800,0,0.9067,0.7806
35.3576,1785919186.090984,B,3,0.1397,0.1133,0,0.9750,0.8170
35.4376,1785919186.170878,B,3,0.1368,0.1300,0,0.9847,0.7751
35.5158,1785919186.249431,B,3,0.1228,0.0900,0,1.0301,0.7818
35.5957,1785919186.328955,B,3,0.1019,0.0533,0,1.1075,0.7789
35.6730,1785919186.406401,B,3,0.0834,0.0400,0,1.1208,0.7696
35.7512,1785919186.484591,B,3,0.0723,0.0467,0,1.1243,0.7610
35.8292,1785919186.562678,B,3,0.0526,0.0067,0,1.1926,0.8107
35.9072,1785919186.640481,B,3,0.0539,0.0567,0,1.1145,0.7753
35.9853,1785919186.718823,B,3,0.0597,0.0733,0,1.0947,0.7792
36.0632,1785919186.796500,B,3,0.0728,0.1033,0,1.0469,0.7807
36.1432,1785919186.876452,B,3,0.1110,0.2000,0,0.9362,0.7568
36.2213,1785919186.954817,B,3,0.1617,0.2800,0,0.8982,0.7466
36.3012,1785919187.034524,B,3,0.1982,0.2833,0,0.8959,0.7504
36.3792,1785919187.112719,B,3,0.2287,0.3000,0,0.8932,0.7408
36.4573,1785919187.190794,B,3,0.2741,0.3800,0,0.8740,0.7146
36.5345,1785919187.267999,B,3,0.2479,0.1867,0,0.9765,0.7383
36.6135,1785919187.346825,B,3,0.2245,0.1700,0,1.0013,0.7247
36.6915,1785919187.424750,B,3,0.1822,0.0833,0,1.0959,0.7562
36.7695,1785919187.502725,B,3,0.1815,0.1800,0,1.0041,0.7136
36.8494,1785919187.582674,B,3,0.1531,0.0867,0,1.0918,0.7485
36.9275,1785919187.660704,B,3,0.1711,0.2133,0,0.9863,0.7009
37.0076,1785919187.740934,B,3,0.1888,0.2300,0,0.9507,0.7098
37.0855,1785919187.818753,B,3,0.2012,0.2300,0,0.9335,0.7522
37.1655,1785919187.898703,B,3,0.2718,0.4367,0,0.8577,0.7157
37.2435,1785919187.976771,B,3,0.3953,0.6833,0,0.7522,0.6896
37.3215,1785919188.054735,B,3,0.4697,0.6433,0,0.7673,0.6859
37.4016,1785919188.134923,B,3,0.4718,0.4767,0,0.8390,0.7160
37.4796,1785919188.212989,B,3,0.4342,0.3467,0,0.8852,0.7311
37.5596,1785919188.293315,B,3,0.3770,0.2433,0,0.9466,0.7105
37.6366,1785919188.369932,B,3,0.3259,0.2067,0,0.9764,0.7297
37.7156,1785919188.448954,B,3,0.2771,0.1633,0,1.0182,0.7183
37.7926,1785919188.525869,B,3,0.2460,0.1733,0,1.0158,0.7069
37.8716,1785919188.604895,B,3,0.2402,0.2267,0,0.9776,0.6968
37.9496,1785919188.682977,B,3,0.2491,0.2700,0,0.9471,0.7005
38.0291,1785919188.762393,B,3,0.3254,0.5033,0,0.8514,0.6822
38.1092,1785919188.842451,B,3,0.4108,0.6100,0,0.8014,0.6729
38.1871,1785919188.920399,B,3,0.4455,0.5267,0,0.8248,0.7123
38.2672,1785919189.000409,B,3,0.5409,0.7633,0,0.7343,0.6657
38.3452,1785919189.078512,B,3,0.5516,0.5767,0,0.8023,0.7016
38.4252,1785919189.158455,B,3,0.5281,0.4733,0,0.8397,0.7194
38.5033,1785919189.236550,B,3,0.5027,0.4433,0,0.8551,0.7143
38.5833,1785919189.316978,B,3,0.4609,0.3633,0,0.9056,0.6841
38.6612,1785919189.394470,B,3,0.4136,0.3033,0,0.9396,0.6886
38.7393,1785919189.472721,B,3,0.3735,0.2800,0,0.9549,0.6779
38.8173,1785919189.550586,B,3,0.3295,0.2267,0,0.9832,0.6934
38.8954,1785919189.628724,B,3,0.3086,0.2600,0,0.9537,0.6977
38.9744,1785919189.707873,B,3,0.3150,0.3300,0,0.9308,0.6950
39.0533,1785919189.786633,B,3,0.3435,0.4100,0,0.8801,0.7180
39.1313,1785919189.864554,B,3,0.3885,0.4933,0,0.8384,0.7167
39.2113,1785919189.944608,B,3,0.4549,0.6100,0,0.7905,0.6953
39.2893,1785919190.022585,B,3,0.4905,0.5733,0,0.8120,0.6976
39.3673,1785919190.100606,B,3,0.4933,0.5000,0,0.8324,0.7192
39.4474,1785919190.180862,B,3,0.5233,0.5933,0,0.8025,0.6942
39.5253,1785919190.258550,B,3,0.4273,0.2033,0,0.9750,0.7468
39.6054,1785919190.339033,B,3,0.3641,0.2167,0,0.9793,0.7269
39.6833,1785919190.416601,B,3,0.2939,0.1300,0,1.0445,0.7464
39.7633,1785919190.496587,B,3,0.2577,0.1733,0,1.0178,0.7115
39.8413,1785919190.574662,B,3,0.2324,0.1733,0,1.0162,0.7150
39.9174,1785919190.650786,B,3,0.2397,0.2567,0,0.9650,0.7006
39.9973,1785919190.730719,B,3,0.3138,0.4867,0,0.8655,0.6729
40.0754,1785919190.808660,B,3,0.3106,0.3033,0,0.9262,0.7308
40.1553,1785919190.888579,B,3,0.3865,0.5633,0,0.8192,0.6997
40.2333,1785919190.966539,B,3,0.4865,0.7200,0,0.7449,0.6762
40.3113,1785919191.044732,B,3,0.5376,0.6567,0,0.7676,0.6920
40.3913,1785919191.124549,B,3,0.5413,0.5500,0,0.8110,0.7150
40.4708,1785919191.204117,B,3,0.4659,0.2900,0,0.9231,0.7425
40.5488,1785919191.282051,B,3,0.4311,0.3500,0,0.9123,0.7161
40.6292,1785919191.362676,B,3,0.4118,0.3667,0,0.9162,0.6766
40.7069,1785919191.440252,B,3,0.3583,0.2333,0,0.9834,0.7003
40.7863,1785919191.519519,B,3,0.3238,0.2433,0,0.9755,0.6974
40.8644,1785919191.597735,B,3,0.3186,0.3067,0,0.9469,0.6885
40.9443,1785919191.677541,B,3,0.3361,0.3767,0,0.9121,0.6762
41.0225,1785919191.755929,B,3,0.3402,0.3500,0,0.9192,0.7082
41.1004,1785919191.833694,B,3,0.3852,0.4900,0,0.8511,0.6937
41.1793,1785919191.912668,B,3,0.4646,0.6500,0,0.7717,0.6912
41.2572,1785919191.990483,B,3,0.5742,0.8300,0,0.6921,0.6749
41.3372,1785919192.070458,B,3,0.5950,0.6433,0,0.7790,0.6786
41.4152,1785919192.148433,B,3,0.6365,0.7333,0,0.7448,0.6640
41.4943,1785919192.227677,B,3,0.6885,0.8100,0,0.7238,0.6491
41.5719,1785919192.305183,B,3,0.6460,0.5467,0,0.8382,0.6615
41.6500,1785919192.383636,B,3,0.5842,0.4400,0,0.8858,0.6514
41.7281,1785919192.461579,B,3,0.5289,0.4000,0,0.9023,0.6554
41.8063,1785919192.539607,B,3,0.4982,0.4267,0,0.8945,0.6466
41.8837,1785919192.616996,B,3,0.5138,0.5500,0,0.8481,0.6385
41.9637,1785919192.696971,B,3,0.5576,0.6600,0,0.7933,0.6306
42.0408,1785919192.774110,B,3,0.6363,0.8200,0,0.7162,0.6393
42.1184,1785919192.851736,B,3,0.7014,0.8533,1,0.6993,0.6299
42.1980,1785919192.931459,B,3,0.7730,0.9400,1,0.6356,0.6172
42.2760,1785919193.009287,B,3,0.8251,0.9467,1,0.6088,0.6329
42.3559,1785919193.089174,B,3,0.8686,0.9700,1,0.5941,0.6125
42.4339,1785919193.167136,B,3,0.8940,0.9533,1,0.6004,0.6197
42.5139,1785919193.247145,B,3,0.8788,0.8433,1,0.6994,0.6242
42.5910,1785919193.324203,B,3,0.8422,0.7567,1,0.7459,0.6330
42.6680,1785919193.401614,B,3,0.7745,0.6167,1,0.7976,0.6325
42.7478,1785919193.481021,B,3,0.7562,0.7133,1,0.7697,0.6089
42.8259,1785919193.559265,B,3,0.7123,0.6100,1,0.8024,0.6272
42.9030,1785919193.636281,B,3,0.6826,0.6133,0,0.7964,0.6346
42.9798,1785919193.712984,B,3,0.6908,0.7100,0,0.7545,0.6383
43.0602,1785919193.793560,B,3,0.7536,0.9000,1,0.6580,0.6131
43.1369,1785919193.870230,B,3,0.8155,0.9600,1,0.5960,0.6190
43.2159,1785919193.949243,B,3,0.8679,0.9900,1,0.5569,0.6092
43.2959,1785919194.029210,B,3,0.9035,0.9867,1,0.5629,0.6150
43.3738,1785919194.107084,B,3,0.9194,0.9567,1,0.6013,0.6016
43.4537,1785919194.186942,B,3,0.9216,0.9267,1,0.6093,0.6246
43.5317,1785919194.264927,B,3,0.8991,0.8467,1,0.6918,0.6214
43.6107,1785919194.344004,B,3,0.8754,0.8200,1,0.7077,0.6087
43.6897,1785919194.423184,B,3,0.8118,0.6633,1,0.7636,0.6323
43.7677,1785919194.501053,B,3,0.7402,0.5733,1,0.8011,0.6285
43.8478,1785919194.581251,B,3,0.7132,0.6500,1,0.7779,0.6132
43.9278,1785919194.661249,B,3,0.7282,0.7633,1,0.7385,0.6175
44.0053,1785919194.738616,B,3,0.7668,0.8567,1,0.6928,0.5990
44.0849,1785919194.818362,B,3,0.7967,0.8667,1,0.6725,0.6127
44.1650,1785919194.898510,B,3,0.8337,0.9200,1,0.6139,0.6333
44.2420,1785919194.975432,B,3,0.8726,0.9633,1,0.5899,0.6196
44.3199,1785919195.053468,B,3,0.9068,0.9867,1,0.5578,0.6240
44.3990,1785919195.132299,B,3,0.9248,0.9667,1,0.5803,0.6086
44.4773,1785919195.210793,B,3,0.9203,0.9100,1,0.6244,0.6098
44.5574,1785919195.290999,B,3,0.8802,0.7867,1,0.7053,0.6191
44.6333,1785919195.366638,B,3,0.8372,0.7367,1,0.7324,0.6170
44.7110,1785919195.444412,B,3,0.7790,0.6433,1,0.7700,0.6136
44.7878,1785919195.521510,B,3,0.7113,0.5533,1,0.7989,0.6216
44.8681,1785919195.601558,B,3,0.6519,0.5133,0,0.8099,0.6268
44.9457,1785919195.678976,B,3,0.6153,0.5300,0,0.8022,0.6276
45.0256,1785919195.758841,B,3,0.6617,0.7700,0,0.7135,0.6163
45.1039,1785919195.837210,B,3,0.7242,0.8700,1,0.6518,0.6206
45.1826,1785919195.915910,B,3,0.7940,0.9567,1,0.5899,0.6193
45.2606,1785919195.993977,B,3,0.8308,0.9167,1,0.5927,0.6421
45.3545,1785919196.088018,A,4,0.8555,0.9133,1,0.6027,0.6281
45.4315,1785919196.164894,A,4,0.8399,0.8033,1,0.6800,0.6479
45.5094,1785919196.242689,A,4,0.8079,0.7333,1,0.7155,0.6351
45.5883,1785919196.321571,A,4,0.7755,0.7000,1,0.7365,0.6279
45.6674,1785919196.400798,A,4,0.7099,0.5567,1,0.7922,0.6284
45.7467,1785919196.480057,A,4,0.6269,0.4333,0,0.8490,0.6280
45.8252,1785919196.558541,A,4,0.5688,0.4333,0,0.8456,0.6351
45.9042,1785919196.637560,A,4,0.4982,0.3333,0,0.8760,0.6593
45.9831,1785919196.716384,A,4,0.5657,0.7233,0,0.7241,0.6314
46.0622,1785919196.795542,A,4,0.5740,0.5933,0,0.7527,0.6613
46.1396,1785919196.872923,A,4,0.6458,0.8133,0,0.6783,0.6403
46.2175,1785919196.950950,A,4,0.7161,0.8800,1,0.6361,0.6254
46.2952,1785919197.028450,A,4,0.7732,0.9067,1,0.6043,0.6311
46.3742,1785919197.107438,A,4,0.8073,0.8867,1,0.6240,0.6345
46.4512,1785919197.184614,A,4,0.8101,0.8167,1,0.6718,0.6332
46.5302,1785919197.263588,A,4,0.7901,0.7433,1,0.7097,0.6317
46.6093,1785919197.342627,A,4,0.7170,0.5467,1,0.7808,0.6383
46.6876,1785919197.420991,A,4,0.6529,0.5033,0,0.7995,0.6313
46.7664,1785919197.499695,A,4,0.5731,0.3867,0,0.8546,0.6382
46.8453,1785919197.578702,A,4,0.5361,0.4500,0,0.8241,0.6384
46.9243,1785919197.657622,A,4,0.5153,0.4667,0,0.8192,0.6393
47.0033,1785919197.736583,A,4,0.5627,0.6733,0,0.7395,0.6337
47.0824,1785919197.815625,A,4,0.6319,0.7933,0,0.6800,0.6394
47.1618,1785919197.895070,A,4,0.7093,0.8900,1,0.6145,0.6359
47.2403,1785919197.973521,A,4,0.7785,0.9400,1,0.5920,0.6211
47.3185,1785919198.051804,A,4,0.8270,0.9400,1,0.5942,0.6154
47.3974,1785919198.130678,A,4,0.8389,0.8667,1,0.6333,0.6240
47.4764,1785919198.209615,A,4,0.8262,0.7967,1,0.6750,0.6299
47.5554,1785919198.288763,A,4,0.7804,0.6733,1,0.7310,0.6369
47.6344,1785919198.367607,A,4,0.7382,0.6400,1,0.7607,0.6059
47.7136,1785919198.446857,A,4,0.6388,0.4067,0,0.8462,0.6229
47.7924,1785919198.525661,A,4,0.5831,0.4533,0,0.8223,0.6219
47.8714,1785919198.604760,A,4,0.5712,0.5433,0,0.7915,0.6168
47.9504,1785919198.683625,A,4,0.5898,0.6333,0,0.7513,0.6235
48.0294,1785919198.762595,A,4,0.6359,0.7433,0,0.7064,0.6193
48.1084,1785919198.841779,A,4,0.6861,0.8033,0,0.6728,0.6305
48.1872,1785919198.920562,A,4,0.7413,0.8700,1,0.6369,0.6148
48.2662,1785919198.999485,A,4,0.8069,0.9600,1,0.5759,0.6199
48.3452,1785919199.078405,A,4,0.8588,0.9800,1,0.5691,0.6051
48.4222,1785919199.155517,A,4,0.8672,0.8867,1,0.6092,0.6249
48.5012,1785919199.234478,A,4,0.8460,0.7967,1,0.6702,0.6196
48.5783,1785919199.311646,A,4,0.7692,0.5900,1,0.7559,0.6321
48.6572,1785919199.390503,A,4,0.6665,0.4267,0,0.8294,0.6223
48.7340,1785919199.467304,A,4,0.5975,0.4367,0,0.8170,0.6356
48.8129,1785919199.546161,A,4,0.5763,0.5267,0,0.7931,0.6159
48.8920,1785919199.625360,A,4,0.5294,0.4200,0,0.8256,0.6338
48.9711,1785919199.704390,A,4,0.5286,0.5267,0,0.7899,0.6248
49.0500,1785919199.783367,A,4,0.5550,0.6167,0,0.7468,0.6370
49.1280,1785919199.861363,A,4,0.6195,0.7700,0,0.6927,0.6233
49.2070,1785919199.940432,A,4,0.6846,0.8367,0,0.6373,0.6465
49.2862,1785919200.019566,A,4,0.7313,0.8400,1,0.6430,0.6283
49.3649,1785919200.098220,A,4,0.7579,0.8200,1,0.6462,0.6424
49.4445,1785919200.177887,A,4,0.7765,0.8200,1,0.6502,0.6288
49.5207,1785919200.254106,A,4,0.7416,0.6600,1,0.7228,0.6519
49.6004,1785919200.333679,A,4,0.6511,0.4400,0,0.8061,0.6601
49.6791,1785919200.412350,A,4,0.5368,0.2700,0,0.9057,0.6500
49.7581,1785919200.491402,A,4,0.4607,0.2833,0,0.8921,0.6522
49.8372,1785919200.570525,A,4,0.4105,0.2933,0,0.8871,0.6573
49.9162,1785919200.649500,A,4,0.3404,0.1767,0,0.9566,0.6815
49.9951,1785919200.728483,A,4,0.3543,0.3867,0,0.8368,0.6654
50.0747,1785919200.808116,A,4,0.4270,0.5967,0,0.7500,0.6511
50.1537,1785919200.887076,A,4,0.4949,0.6533,0,0.7363,0.6502
50.2331,1785919200.966585,A,4,0.5444,0.6600,0,0.7185,0.6772
50.3121,1785919201.045307,A,4,0.5811,0.6667,0,0.7231,0.6620
50.4050,1785919201.138181,B,4,0.5738,0.5567,0,0.7470,0.6836
50.4831,1785919201.216456,B,4,0.5396,0.4600,0,0.7970,0.6722
50.5631,1785919201.296478,B,4,0.4617,0.2800,0,0.8781,0.6952
50.6407,1785919201.374271,B,4,0.3862,0.2100,0,0.9276,0.6940
50.7208,1785919201.454276,B,4,0.2914,0.0700,0,1.0298,0.7266
50.7988,1785919201.532106,B,4,0.2219,0.0600,0,1.0521,0.7405
50.8758,1785919201.609185,B,4,0.1894,0.1133,0,1.0035,0.7035
50.9547,1785919201.688048,B,4,0.1566,0.0800,0,1.0180,0.7391
51.0325,1785919201.765842,B,4,0.1926,0.2767,0,0.8966,0.6893
51.1125,1785919201.845769,B,4,0.1928,0.1933,0,0.9234,0.7388
51.1914,1785919201.924694,B,4,0.1790,0.1467,0,0.9320,0.7812
51.2694,1785919202.002633,B,4,0.2283,0.3433,0,0.8357,0.7313
51.3484,1785919202.081838,B,4,0.2348,0.2500,0,0.8903,0.7461
51.4264,1785919202.159908,B,4,0.2144,0.1667,0,0.9314,0.7564
51.5043,1785919202.237791,B,4,0.1860,0.1200,0,0.9740,0.7507
51.5843,1785919202.317574,B,4,0.1432,0.0433,0,1.0882,0.7896
51.6644,1785919202.397951,B,4,0.1263,0.0867,0,1.0103,0.7404
51.7424,1785919202.475647,B,4,0.1194,0.1033,0,1.0162,0.7075
51.8220,1785919202.555293,B,4,0.0956,0.0400,0,1.1131,0.7606
51.9010,1785919202.634439,B,4,0.0819,0.0500,0,1.0953,0.7682
51.9790,1785919202.712372,B,4,0.0853,0.0933,0,1.0151,0.7420
52.0559,1785919202.789247,B,4,0.1047,0.1500,0,0.9696,0.7508
52.1339,1785919202.867182,B,4,0.1453,0.2400,0,0.9149,0.7471
52.2141,1785919202.947526,B,4,0.1387,0.1233,0,0.9649,0.7928
52.2919,1785919203.025247,B,4,0.1531,0.1867,0,0.9263,0.7850
52.3700,1785919203.103467,B,4,0.1622,0.1833,0,0.9393,0.7635
52.4499,1785919203.183242,B,4,0.1815,0.2267,0,0.9154,0.7615
52.5280,1785919203.261283,B,4,0.1501,0.0767,0,1.0333,0.7618
52.6083,1785919203.341712,B,4,0.1300,0.0833,0,1.0324,0.7365
52.6882,1785919203.421775,B,4,0.1090,0.0600,0,1.0734,0.7432
52.7681,1785919203.501411,B,4,0.0963,0.0667,0,1.0606,0.7500
52.8461,1785919203.579436,B,4,0.0854,0.0600,0,1.0803,0.7472
52.9261,1785919203.659533,B,4,0.0858,0.0867,0,1.0416,0.7492
53.0023,1785919203.735819,B,4,0.0921,0.1067,0,1.0166,0.7469
53.0803,1785919203.813711,B,4,0.1694,0.3500,0,0.8870,0.7166
53.1592,1785919203.892507,B,4,0.2536,0.4500,0,0.8319,0.7208
53.2382,1785919203.971492,B,4,0.2985,0.4033,0,0.8482,0.7297
53.3182,1785919204.051475,B,4,0.3080,0.3300,0,0.8848,0.7457
53.3962,1785919204.129548,B,4,0.3326,0.3900,0,0.8556,0.7329
53.4762,1785919204.209483,B,4,0.3188,0.2867,0,0.9219,0.7237
53.5522,1785919204.285545,B,4,0.2882,0.2167,0,0.9468,0.7427
53.6324,1785919204.365769,B,4,0.2567,0.1833,0,0.9847,0.7200
53.7113,1785919204.444856,B,4,0.2267,0.1567,0,1.0073,0.7061
53.7905,1785919204.523884,B,4,0.1887,0.1000,0,1.0434,0.7166
53.8684,1785919204.601794,B,4,0.1531,0.0700,0,1.0686,0.7369
53.9474,1785919204.680810,B,4,0.1852,0.2600,0,0.9498,0.7029
54.0265,1785919204.760163,B,4,0.2046,0.2500,0,0.9500,0.7180
54.1053,1785919204.838595,B,4,0.2922,0.4967,0,0.8318,0.7006
54.1832,1785919204.916584,B,4,0.3386,0.4467,0,0.8464,0.7170
54.2621,1785919204.995602,B,4,0.3860,0.4967,0,0.8335,0.7092
54.3411,1785919205.074471,B,4,0.4532,0.6100,0,0.7702,0.6909
54.4202,1785919205.153642,B,4,0.4492,0.4400,0,0.8513,0.7109
54.4992,1785919205.232671,B,4,0.4365,0.4067,0,0.8711,0.7041
54.5781,1785919205.311382,B,4,0.3815,0.2533,0,0.9503,0.7144
54.6571,1785919205.390344,B,4,0.3291,0.2067,0,0.9753,0.7195
54.7362,1785919205.469579,B,4,0.2913,0.2033,0,0.9874,0.7037
54.8152,1785919205.548491,B,4,0.2389,0.1167,0,1.0283,0.7224
54.8942,1785919205.627479,B,4,0.2293,0.2067,0,0.9910,0.7008
54.9734,1785919205.706917,B,4,0.2265,0.2200,0,0.9849,0.7021
55.0522,1785919205.785552,B,4,0.2815,0.4100,0,0.8834,0.6990
55.1302,1785919205.863516,B,4,0.2601,0.2100,0,0.9603,0.7536
55.2092,1785919205.942436,B,4,0.2961,0.3800,0,0.8803,0.7456
55.2872,1785919206.021179,B,4,0.3642,0.5233,0,0.8259,0.7131
55.3652,1785919206.098459,B,4,0.3700,0.3833,0,0.8838,0.7373
55.4443,1785919206.177519,B,4,0.4100,0.5033,0,0.8405,0.7092
55.5233,1785919206.256513,B,4,0.3870,0.3333,0,0.9233,0.7231
55.6023,1785919206.335694,B,4,0.3309,0.2000,0,0.9711,0.7425
55.6813,1785919206.414603,B,4,0.2526,0.0700,0,1.0659,0.7455
55.7604,1785919206.493963,B,4,0.1798,0.0100,0,1.1465,0.7536
55.8393,1785919206.572527,B,4,0.1439,0.0600,0,1.0937,0.7537
55.9184,1785919206.651611,B,4,0.1257,0.0833,0,1.0615,0.7485
55.9973,1785919206.730685,B,4,0.1240,0.1200,0,1.0207,0.7521
56.0768,1785919206.810141,B,4,0.2138,0.4233,0,0.8922,0.7112
56.1558,1785919206.889052,B,4,0.2417,0.3067,0,0.9289,0.7410
56.2348,1785919206.968067,B,4,0.2152,0.1533,0,0.9797,0.7877
56.3138,1785919207.047021,B,4,0.2156,0.2167,0,0.9500,0.7841
56.3929,1785919207.126119,B,4,0.2599,0.3633,0,0.9105,0.7488
56.4709,1785919207.204128,B,4,0.2130,0.1033,0,1.0202,0.7892
56.5500,1785919207.283299,B,4,0.1711,0.0733,0,1.0561,0.7696
56.6290,1785919207.362432,B,4,0.1487,0.0967,0,1.0572,0.7368
56.7079,1785919207.441185,B,4,0.1221,0.0600,0,1.0884,0.7643
56.7849,1785919207.518365,B,4,0.1085,0.0767,0,1.0713,0.7457
56.8629,1785919207.596113,B,4,0.1129,0.1233,0,1.0517,0.7291
56.9411,1785919207.674296,B,4,0.1041,0.0833,0,1.0651,0.7501
57.0202,1785919207.753478,B,4,0.1128,0.1333,0,1.0275,0.7716
57.0988,1785919207.832148,B,4,0.1940,0.3833,0,0.9179,0.7399
57.1768,1785919207.910098,B,4,0.2938,0.5267,0,0.8465,0.7283
57.2548,1785919207.988066,B,4,0.2897,0.2800,0,0.9382,0.7831
57.3339,1785919208.067319,B,4,0.3438,0.4700,0,0.8783,0.7285
57.4132,1785919208.146490,B,4,0.3466,0.3533,0,0.9258,0.7405
57.4922,1785919208.225429,B,4,0.3406,0.3267,0,0.9334,0.7429
57.5712,1785919208.304452,B,4,0.3024,0.2133,0,0.9884,0.7360
57.6492,1785919208.382475,B,4,0.2287,0.0567,0,1.1003,0.7571
57.7282,1785919208.461415,B,4,0.2161,0.1867,0,1.0207,0.7077
57.8060,1785919208.539506,B,4,0.1923,0.1367,0,1.0510,0.7249
57.8850,1785919208.618247,B,4,0.2536,0.3967,0,0.9371,0.6977
57.9642,1785919208.697498,B,4,0.2375,0.2000,0,0.9986,0.7449
58.0430,1785919208.776230,B,4,0.3173,0.5033,0,0.8680,0.7051
58.1212,1785919208.854563,B,4,0.3981,0.5867,0,0.8239,0.7050
58.1997,1785919208.932936,B,4,0.4687,0.6333,0,0.7872,0.7032
58.2793,1785919209.012574,B,4,0.5391,0.7033,0,0.7613,0.6894
58.3583,1785919209.091647,B,4,0.5963,0.7300,0,0.7466,0.6769
58.4373,1785919209.170705,B,4,0.6244,0.6900,0,0.7746,0.6732
58.5163,1785919209.249653,B,4,0.6211,0.6133,0,0.8040,0.6771
58.5944,1785919209.327933,B,4,0.6008,0.5533,0,0.8625,0.6574
58.6732,1785919209.406428,B,4,0.5505,0.4333,0,0.9104,0.6766
58.7516,1785919209.484881,B,4,0.5474,0.5400,0,0.8737,0.6455
58.8297,1785919209.563271,B,4,0.5252,0.4733,0,0.8953,0.6597
58.9087,1785919209.642076,B,4,0.5326,0.5500,0,0.8664,0.6538
58.9866,1785919209.719889,B,4,0.5548,0.6067,0,0.8265,0.6536
59.0662,1785919209.799627,B,4,0.6384,0.8333,0,0.7031,0.6293
59.1460,1785919209.879221,B,4,0.7179,0.9033,1,0.6449,0.6307
59.2238,1785919209.957179,B,4,0.7835,0.9367,1,0.6118,0.6266
59.3029,1785919210.036134,B,4,0.8275,0.9300,1,0.6099,0.6328
59.3799,1785919210.113214,B,4,0.8402,0.8700,1,0.6609,0.6459
59.4590,1785919210.192447,B,4,0.8532,0.8833,1,0.6507,0.6267
59.5379,1785919210.271197,B,4,0.8472,0.8333,1,0.6990,0.6231
59.6156,1785919210.349052,B,4,0.7840,0.6367,1,0.7941,0.6500
59.6933,1785919210.426698,B,4,0.7358,0.6233,1,0.8142,0.6344
59.7725,1785919210.505799,B,4,0.6851,0.5667,0,0.8445,0.6341
59.8506,1785919210.584295,B,4,0.6546,0.5833,0,0.8318,0.6245
59.9302,1785919210.663444,B,4,0.6792,0.7367,0,0.7638,0.6184
60.0096,1785919210.742922,B,4,0.7144,0.7967,1,0.7218,0.6277
60.0880,1785919210.821254,B,4,0.7701,0.9000,1,0.6475,0.6076
60.1670,1785919210.900217,B,4,0.8001,0.8700,1,0.6587,0.6306
60.2460,1785919210.979359,B,4,0.8441,0.9467,1,0.6057,0.6227
60.3250,1785919211.058396,B,4,0.8758,0.9500,1,0.5984,0.6346
