t_session_sec,abs_ts,phase_rec,trial_idx_rec,relaxation_rec,relaxation_pct_rec,relaxation_window_open_rec,alpha_power_rec,beta1_power_rec,beta2_power_rec
0.0929,1785919307.513348,A,1,0.5000,0.5000,0,1.6925,0.4292,0.2375
0.1855,1785919307.605813,A,1,0.5000,0.5000,0,1.6653,0.4038,0.2648
0.2652,1785919307.684220,A,1,0.5000,0.5000,0,1.7929,0.4287,0.2375
0.3433,1785919307.762791,A,1,0.5000,0.5000,0,1.6687,0.3856,0.2768
0.4233,1785919307.844163,A,1,0.5000,0.5000,0,1.6208,0.3916,0.2736
0.5014,1785919307.920295,A,1,0.5000,0.5000,0,1.6575,0.4228,0.2386
0.5793,1785919307.998291,A,1,0.5000,0.5000,0,1.5832,0.4227,0.2444
0.6575,1785919308.076836,A,1,0.5000,0.5000,0,1.4492,0.3866,0.2713
0.7368,1785919308.156238,A,1,0.5000,0.5000,0,1.4477,0.3942,0.2736
0.8143,1785919308.233317,A,1,0.5000,0.5000,0,1.5663,0.4340,0.2360
0.8946,1785919308.314169,A,1,0.5000,0.5000,0,1.4402,0.3983,0.2803
0.9725,1785919308.391544,A,1,0.5000,0.5000,0,1.5886,0.4260,0.2499
1.0504,1785919308.469491,A,1,0.5000,0.5000,0,1.7345,0.4577,0.2238
1.1300,1785919308.549267,A,1,0.5000,0.5000,0,1.7952,0.4552,0.2160
1.2098,1785919308.628739,A,1,0.5000,0.5000,0,1.7912,0.4214,0.2396
1.2879,1785919308.707049,A,1,0.5000,0.5000,0,1.8293,0.4574,0.2215
1.3680,1785919308.787311,A,1,0.5000,0.5000,0,1.7486,0.4429,0.2381
1.4469,1785919308.865955,A,1,0.5000,0.5000,0,1.7886,0.4665,0.2209
1.5260,1785919308.944824,A,1,0.5000,0.5000,0,1.6343,0.4228,0.2444
1.6051,1785919309.024597,A,1,0.5000,0.5000,0,1.5096,0.4030,0.2721
1.6818,1785919309.100621,A,1,0.5000,0.5000,0,1.5999,0.4445,0.2248
1.7610,1785919309.180437,A,1,0.5000,0.5000,0,1.6142,0.4685,0.2207
1.8399,1785919309.259298,A,1,0.5000,0.5000,0,1.5908,0.4563,0.2295
1.9198,1785919309.339279,A,1,0.5000,0.5000,0,1.7540,0.4797,0.2010
1.9978,1785919309.416906,A,1,0.5000,0.5000,0,1.6919,0.4420,0.2333
2.0781,1785919309.497587,A,1,0.5000,0.5000,0,1.7319,0.4428,0.2247
2.1568,1785919309.575837,A,1,0.5000,0.5000,0,1.8362,0.4696,0.2105
2.2349,1785919309.654304,A,1,0.5000,0.5000,0,1.7916,0.4472,0.2393
2.3128,1785919309.732084,A,1,0.5000,0.5000,0,1.7596,0.4258,0.2444
2.3900,1785919309.809052,A,1,0.5500,0.6667,0,1.7490,0.4345,0.2413
2.4689,1785919309.887758,A,1,0.5785,0.6452,0,1.7320,0.4483,0.2266
2.5471,1785919309.966265,A,1,0.5269,0.4062,0,1.6501,0.4289,0.2433
2.6248,1785919310.043682,A,1,0.4052,0.1212,0,1.4784,0.3992,0.2698
2.7039,1785919310.123147,A,1,0.3013,0.0588,0,1.4559,0.4018,0.2738
2.7823,1785919310.201681,A,1,0.2709,0.2000,0,1.5189,0.4339,0.2455
2.8600,1785919310.278946,A,1,0.3313,0.4722,0,1.6364,0.4488,0.2221
2.9385,1785919310.357408,A,1,0.2887,0.1892,0,1.4779,0.3892,0.2683
3.0184,1785919310.438059,A,1,0.2968,0.3158,0,1.5555,0.3886,0.2636
3.0987,1785919310.517619,A,1,0.3385,0.4359,0,1.6344,0.4008,0.2617
3.1768,1785919310.595935,A,1,0.3870,0.5000,0,1.6563,0.3868,0.2776
3.2548,1785919310.673774,A,1,0.3953,0.4146,0,1.6446,0.3646,0.2972
3.3350,1785919310.753828,A,1,0.3195,0.1429,0,1.5070,0.3242,0.3356
3.4126,1785919310.831701,A,1,0.3144,0.3023,0,1.5885,0.3689,0.2924
3.4929,1785919310.912607,A,1,0.2678,0.1591,0,1.5167,0.3679,0.3048
3.5707,1785919310.989696,A,1,0.2608,0.2444,0,1.5053,0.3829,0.2771
3.6503,1785919311.069384,A,1,0.1891,0.0217,0,1.3836,0.3559,0.3142
3.7278,1785919311.147021,A,1,0.1387,0.0213,0,1.2883,0.3338,0.3308
3.8073,1785919311.226691,A,1,0.1034,0.0208,0,1.2587,0.3319,0.3265
3.8860,1785919311.305071,A,1,0.0785,0.0204,0,1.2616,0.3120,0.3551
3.9641,1785919311.383198,A,1,0.0789,0.0800,0,1.3558,0.3290,0.3311
4.0440,1785919311.462923,A,1,0.0670,0.0392,0,1.2946,0.2751,0.3883
4.1219,1785919311.540738,A,1,0.0758,0.0962,0,1.3755,0.2874,0.3894
4.1979,1785919311.617144,A,1,0.0927,0.1321,0,1.4196,0.2949,0.3794
4.2779,1785919311.696826,A,1,0.1371,0.2407,0,1.5124,0.3229,0.3418
4.3560,1785919311.774959,A,1,0.1450,0.1636,0,1.4315,0.2886,0.3822
4.4335,1785919311.852690,A,1,0.1337,0.1071,0,1.3794,0.2868,0.3735
4.5107,1785919311.929730,A,1,0.0988,0.0175,0,1.2641,0.2681,0.4106
4.5899,1785919312.009151,A,1,0.0744,0.0172,0,1.1700,0.2561,0.4246
4.6669,1785919312.086498,A,1,0.0571,0.0169,0,1.1418,0.2627,0.4159
4.7470,1785919312.165860,A,1,0.0450,0.0167,0,1.1264,0.2689,0.4064
4.8249,1785919312.244199,A,1,0.0561,0.0820,0,1.2158,0.3006,0.3550
4.9050,1785919312.324097,A,1,0.0586,0.0645,0,1.1686,0.2755,0.3966
4.9830,1785919312.401817,A,1,0.0648,0.0794,0,1.2203,0.2702,0.3998
5.0630,1785919312.482319,A,1,0.0782,0.1094,0,1.2520,0.2562,0.4150
5.1560,1785919312.574881,B,1,0.1194,0.2154,0,1.3925,0.2741,0.3963
5.2366,1785919312.655964,B,1,0.1245,0.1364,0,1.3643,0.2482,0.4460
5.3143,1785919312.733394,B,1,0.1498,0.2090,0,1.3745,0.2583,0.4184
5.3944,1785919312.813526,B,1,0.1269,0.0735,0,1.2615,0.2210,0.4703
5.4723,1785919312.892105,B,1,0.1584,0.2319,0,1.3436,0.2929,0.3789
5.5513,1785919312.970210,B,1,0.1195,0.0286,0,1.2112,0.2602,0.4454
5.6293,1785919313.048530,B,1,0.1132,0.0986,0,1.1991,0.2681,0.4007
5.7065,1785919313.125986,B,1,0.0834,0.0139,0,1.1045,0.2523,0.4260
5.7856,1785919313.204548,B,1,0.0625,0.0137,0,1.0805,0.2470,0.4326
5.8635,1785919313.282356,B,1,0.0681,0.0811,0,1.1445,0.2657,0.4120
5.9439,1785919313.363077,B,1,0.0676,0.0667,0,1.1497,0.2384,0.4378
6.0237,1785919313.442646,B,1,0.0592,0.0395,0,1.1816,0.2280,0.4628
6.1028,1785919313.522279,B,1,0.0882,0.1558,0,1.2755,0.2539,0.4419
6.1812,1785919313.600547,B,1,0.1348,0.2436,0,1.3365,0.2541,0.4289
6.2603,1785919313.679767,B,1,0.1969,0.3418,0,1.3828,0.2611,0.4117
6.3392,1785919313.758219,B,1,0.2466,0.3625,0,1.4082,0.2734,0.3954
6.4177,1785919313.836931,B,1,0.2689,0.3210,0,1.3684,0.2746,0.4002
6.4963,1785919313.915267,B,1,0.2029,0.0488,0,1.2016,0.2330,0.4632
6.5752,1785919313.994092,B,1,0.1818,0.1325,0,1.1860,0.2633,0.4184
6.6532,1785919314.072432,B,1,0.1344,0.0238,0,1.1174,0.2600,0.4350
6.7315,1785919314.150357,B,1,0.1329,0.1294,0,1.1441,0.2710,0.4070
6.8093,1785919314.228285,B,1,0.0965,0.0116,0,1.0735,0.2452,0.4598
6.8885,1785919314.307980,B,1,0.0882,0.0690,0,1.1277,0.2605,0.4165
6.9656,1785919314.384506,B,1,0.1300,0.2273,0,1.2086,0.2770,0.3933
7.0446,1785919314.464069,B,1,0.1483,0.1910,0,1.2169,0.2440,0.4393
7.1239,1785919314.543064,B,1,0.2105,0.3556,0,1.3429,0.2666,0.4019
7.2028,1785919314.621760,B,1,0.2891,0.4725,0,1.4370,0.2818,0.3950
7.2817,1785919314.701074,B,1,0.2969,0.3152,0,1.3552,0.2450,0.4353
7.3600,1785919314.779281,B,1,0.2949,0.2903,0,1.3634,0.2657,0.4311
7.4391,1785919314.858165,B,1,0.2799,0.2447,0,1.2681,0.2532,0.4310
7.5180,1785919314.937032,B,1,0.2433,0.1579,0,1.2045,0.2429,0.4471
7.5970,1785919315.016019,B,1,0.1859,0.0521,0,1.1585,0.2475,0.4400
7.6740,1785919315.093321,B,1,0.1456,0.0515,0,1.1393,0.2726,0.4144
7.7529,1785919315.171808,B,1,0.1142,0.0408,0,1.1008,0.2568,0.4277
7.8321,1785919315.251393,B,1,0.0981,0.0606,0,1.1083,0.2594,0.4204
7.9114,1785919315.330294,B,1,0.0807,0.0400,0,1.1439,0.2612,0.4414
7.9916,1785919315.410609,B,1,0.1456,0.2970,0,1.2309,0.2782,0.3958
8.0695,1785919315.488889,B,1,0.1931,0.3039,0,1.2459,0.2520,0.4202
8.1494,1785919315.568575,B,1,0.2342,0.3301,0,1.2818,0.2454,0.4320
8.2273,1785919315.646175,B,1,0.3024,0.4615,0,1.3771,0.2658,0.4103
8.3075,1785919315.727142,B,1,0.3260,0.3810,0,1.3400,0.2350,0.4429
8.3864,1785919315.805201,B,1,0.3159,0.2925,0,1.3117,0.2344,0.4600
8.4655,1785919315.884398,B,1,0.2912,0.2336,0,1.2460,0.2395,0.4439
8.5423,1785919315.961483,B,1,0.2094,0.0185,0,1.1403,0.2126,0.4897
8.6215,1785919316.040344,B,1,0.1493,0.0092,0,1.0553,0.1945,0.5187
8.6997,1785919316.118741,B,1,0.1100,0.0182,0,1.0518,0.2207,0.4873
8.7774,1785919316.196473,B,1,0.0797,0.0090,0,0.9911,0.1938,0.5120
8.8574,1785919316.276780,B,1,0.0692,0.0446,0,1.0703,0.2310,0.4620
8.9357,1785919316.354810,B,1,0.0644,0.0531,0,1.0756,0.2181,0.4682
9.0146,1785919316.433991,B,1,0.0529,0.0263,0,1.0902,0.1883,0.5269
9.0936,1785919316.512507,B,1,0.0553,0.0609,0,1.1798,0.1956,0.5289
9.1717,1785919316.590633,B,1,0.1008,0.2069,0,1.2443,0.2080,0.4975
9.2498,1785919316.669070,B,1,0.0936,0.0769,0,1.2287,0.1697,0.5603
9.3297,1785919316.749039,B,1,0.0808,0.0508,0,1.2175,0.1756,0.5655
9.4088,1785919316.828309,B,1,0.0818,0.0840,0,1.2045,0.1871,0.5393
9.4878,1785919316.907016,B,1,0.0772,0.0667,0,1.1726,0.1843,0.5349
9.5659,1785919316.985420,B,1,0.0665,0.0413,0,1.0962,0.2000,0.5162
9.6458,1785919317.064764,B,1,0.0490,0.0082,0,0.9987,0.1640,0.5830
9.7248,1785919317.144323,B,1,0.0392,0.0163,0,1.0003,0.2052,0.5203
9.8039,1785919317.222782,B,1,0.0298,0.0081,0,0.9573,0.1631,0.5913
9.8819,1785919317.301175,B,1,0.0281,0.0240,0,0.9737,0.1664,0.5598
9.9620,1785919317.381198,B,1,0.0292,0.0317,0,1.0339,0.1716,0.5605
10.0411,1785919317.459892,B,1,0.0322,0.0394,0,1.0932,0.1584,0.5928
10.1188,1785919317.537812,B,1,0.0507,0.0938,0,1.1627,0.1752,0.5513
10.1979,1785919317.616953,B,1,0.0657,0.1008,0,1.2203,0.1729,0.5740
10.2759,1785919317.694788,B,1,0.0829,0.1231,0,1.2245,0.1656,0.5742
10.3545,1785919317.773630,B,1,0.1107,0.1756,0,1.2405,0.1776,0.5554
10.4321,1785919317.851438,B,1,0.1434,0.2197,0,1.2136,0.1837,0.5271
10.5119,1785919317.931126,B,1,0.1162,0.0526,0,1.0901,0.1665,0.5816
10.5911,1785919318.010201,B,1,0.0970,0.0522,0,1.0400,0.1761,0.5560
10.6703,1785919318.089399,B,1,0.0768,0.0296,0,0.9888,0.1729,0.5519
10.7481,1785919318.167350,B,1,0.0582,0.0147,0,0.9672,0.1709,0.5698
10.8281,1785919318.247152,B,1,0.0451,0.0146,0,0.9599,0.1793,0.5619
10.9073,1785919318.326443,B,1,0.0620,0.1014,0,1.0516,0.1988,0.5088
10.9840,1785919318.403190,B,1,0.0563,0.0432,0,1.0340,0.1717,0.5729
11.0632,1785919318.482206,B,1,0.1230,0.2786,0,1.1925,0.2196,0.4803
11.1421,1785919318.561509,B,1,0.1372,0.1702,0,1.1947,0.1708,0.5567
11.2201,1785919318.639278,B,1,0.2207,0.4155,0,1.2932,0.2033,0.4948
11.2997,1785919318.718795,B,1,0.2363,0.2727,0,1.2635,0.1847,0.5381
11.3785,1785919318.797794,B,1,0.2987,0.4444,0,1.2859,0.2187,0.4698
11.4559,1785919318.874908,B,1,0.3167,0.3586,0,1.2307,0.2308,0.4740
11.5353,1785919318.954162,B,1,0.3080,0.2877,0,1.1667,0.2138,0.4733
11.6137,1785919319.033025,B,1,0.2829,0.2245,0,1.1095,0.2166,0.4707
11.6918,1785919319.110927,B,1,0.2548,0.1892,0,1.0818,0.2433,0.4538
11.7710,1785919319.190116,B,1,0.2045,0.0872,0,0.9773,0.1917,0.5143
11.8498,1785919319.269131,B,1,0.2032,0.2000,0,1.0792,0.2491,0.4468
11.9279,1785919319.347693,B,1,0.2078,0.2185,0,1.1016,0.2305,0.4654
12.0058,1785919319.425265,B,1,0.3093,0.5461,0,1.2670,0.2723,0.3897
12.0851,1785919319.504366,B,1,0.3498,0.4444,0,1.2645,0.2460,0.4462
12.1639,1785919319.582963,B,1,0.4221,0.5909,0,1.3359,0.2649,0.4113
12.2420,1785919319.660904,B,1,0.4542,0.5290,0,1.3179,0.2359,0.4495
12.3222,1785919319.741595,B,1,0.4737,0.5192,0,1.3408,0.2323,0.4670
12.4003,1785919319.819401,B,1,0.5284,0.6561,0,1.4028,0.2832,0.3978
12.4800,1785919319.899044,B,1,0.5712,0.6709,0,1.3868,0.2908,0.3733
12.5582,1785919319.977294,B,1,0.5545,0.5157,0,1.2595,0.2868,0.3920
12.6384,1785919320.058078,B,1,0.5494,0.5375,0,1.2620,0.3087,0.3612
12.7162,1785919320.135380,B,1,0.5318,0.4907,0,1.2011,0.2995,0.3664
12.7962,1785919320.215141,B,1,0.5297,0.5247,0,1.2056,0.3050,0.3553
12.8741,1785919320.293126,B,1,0.5346,0.5460,0,1.2399,0.3084,0.3522
12.9520,1785919320.371008,B,1,0.5736,0.6646,0,1.3441,0.3281,0.3380
13.0310,1785919320.450290,B,1,0.5979,0.6545,0,1.3414,0.2985,0.3638
13.1090,1785919320.527934,B,1,0.6173,0.6627,0,1.3788,0.3035,0.3714
13.1882,1785919320.607557,B,1,0.6603,0.7605,0,1.5038,0.3288,0.3310
13.2681,1785919320.687323,B,1,0.6783,0.7202,0,1.4586,0.2891,0.3783
13.3474,1785919320.766797,B,1,0.7144,0.7988,1,1.5364,0.3334,0.3162
13.4263,1785919320.845409,B,1,0.7066,0.6882,1,1.4160,0.3116,0.3672
13.5065,1785919320.925819,B,1,0.6928,0.6608,0,1.3832,0.3157,0.3573
13.5855,1785919321.004392,B,1,0.6978,0.7093,0,1.3682,0.3247,0.3310
13.6635,1785919321.082506,B,1,0.6723,0.6127,0,1.3029,0.3323,0.3271
13.7436,1785919321.162767,B,1,0.6413,0.5690,0,1.2606,0.3308,0.3314
13.8216,1785919321.240622,B,1,0.6135,0.5486,0,1.2345,0.3152,0.3395
13.8997,1785919321.318975,B,1,0.6237,0.6477,0,1.3385,0.3395,0.3275
13.9784,1785919321.397600,B,1,0.6773,0.8023,0,1.5346,0.4126,0.2646
14.0578,1785919321.477209,B,1,0.6932,0.7303,0,1.4531,0.3372,0.3230
14.1365,1785919321.555418,B,1,0.7283,0.8101,1,1.5575,0.3657,0.2877
14.2140,1785919321.633172,B,1,0.7365,0.7556,1,1.5103,0.3367,0.3290
14.2901,1785919321.709174,B,1,0.7525,0.7901,1,1.5338,0.3311,0.3288
14.3674,1785919321.786235,B,1,0.7477,0.7363,1,1.5095,0.3299,0.3356
14.4457,1785919321.865142,B,1,0.7365,0.7104,1,1.4509,0.3271,0.3353
14.5234,1785919321.942389,B,1,0.7242,0.6957,1,1.4026,0.3241,0.3308
14.6037,1785919322.022774,B,1,0.7243,0.7243,1,1.4328,0.3639,0.2926
14.6820,1785919322.100989,B,1,0.6812,0.5806,0,1.2805,0.3267,0.3233
14.7598,1785919322.178908,B,1,0.6308,0.5134,0,1.2457,0.3089,0.3495
14.8398,1785919322.258736,B,1,0.6043,0.5426,0,1.2757,0.3351,0.3336
14.9179,1785919322.337076,B,1,0.6135,0.6349,0,1.3240,0.3275,0.3285
14.9978,1785919322.416758,B,1,0.5842,0.5158,0,1.2993,0.3114,0.3631
15.0759,1785919322.495379,B,1,0.5911,0.6073,0,1.3639,0.3066,0.3655
15.1702,1785919322.589308,A,2,0.6341,0.7344,0,1.4714,0.3199,0.3413
15.2507,1785919322.670267,A,2,0.6801,0.7876,0,1.5499,0.3500,0.3276
15.3288,1785919322.747587,A,2,0.7204,0.8144,1,1.5656,0.3377,0.3303
15.4065,1785919322.825715,A,2,0.7105,0.6872,1,1.4211,0.2990,0.3695
15.4871,1785919322.905956,A,2,0.6825,0.6173,0,1.3806,0.3093,0.3661
15.5646,1785919322.983425,A,2,0.6849,0.6904,0,1.3904,0.3226,0.3308
15.6427,1785919323.061638,A,2,0.6355,0.5202,0,1.2916,0.3223,0.3496
15.7224,1785919323.141659,A,2,0.5232,0.2613,0,1.1297,0.2773,0.4021
15.8021,1785919323.221066,A,2,0.4878,0.4050,0,1.2108,0.3114,0.3591
15.8793,1785919323.298548,A,2,0.5429,0.6716,0,1.3573,0.3512,0.3081
15.9580,1785919323.376816,A,2,0.5880,0.6931,0,1.3850,0.3432,0.3213
16.0365,1785919323.455777,A,2,0.6259,0.7143,0,1.4401,0.3355,0.3257
16.1160,1785919323.535079,A,2,0.6513,0.7108,0,1.4320,0.3160,0.3398
16.1950,1785919323.613825,A,2,0.7076,0.8390,1,1.5956,0.3616,0.3031
16.2732,1785919323.692483,A,2,0.7342,0.7961,1,1.5242,0.3235,0.3364
16.3519,1785919323.770698,A,2,0.7589,0.8164,1,1.5602,0.3496,0.3198
16.4320,1785919323.850891,A,2,0.7591,0.7596,1,1.5096,0.3482,0.3196
16.5080,1785919323.927391,A,2,0.7711,0.7990,1,1.4999,0.3789,0.2792
16.5878,1785919324.007041,A,2,0.7326,0.6429,1,1.3602,0.3442,0.3159
16.6659,1785919324.084761,A,2,0.7247,0.7062,1,1.4313,0.3775,0.2868
16.7431,1785919324.161904,A,2,0.7195,0.7075,1,1.4216,0.3854,0.2754
16.8223,1785919324.241872,A,2,0.7093,0.6854,1,1.3891,0.3726,0.2800
16.9024,1785919324.321631,A,2,0.7320,0.7850,1,1.4844,0.3954,0.2673
16.9804,1785919324.399406,A,2,0.7747,0.8744,1,1.6149,0.4347,0.2422
17.0582,1785919324.477032,A,2,0.7812,0.7963,1,1.5135,0.3681,0.2935
17.1371,1785919324.556332,A,2,0.8164,0.8986,1,1.6662,0.4090,0.2655
17.2164,1785919324.635531,A,2,0.8591,0.9587,1,1.7200,0.4050,0.2467
17.2962,1785919324.715326,A,2,0.8918,0.9680,1,1.7494,0.4213,0.2433
17.3743,1785919324.793500,A,2,0.9052,0.9364,1,1.7568,0.4390,0.2435
17.4541,1785919324.873167,A,2,0.9268,0.9774,1,1.7609,0.4508,0.2196
17.5303,1785919324.949514,A,2,0.9177,0.8964,1,1.6320,0.4121,0.2475
17.6094,1785919325.028601,A,2,0.9141,0.9058,1,1.6690,0.4507,0.2220
17.6862,1785919325.105233,A,2,0.9104,0.9018,1,1.6565,0.4593,0.2110
17.7640,1785919325.182863,A,2,0.8933,0.8533,1,1.5930,0.4400,0.2215
17.8444,1785919325.263938,A,2,0.8775,0.8407,1,1.5981,0.4496,0.2219
17.9203,1785919325.339104,A,2,0.8640,0.8326,1,1.5889,0.4250,0.2414
18.0002,1785919325.419338,A,2,0.8733,0.8947,1,1.6655,0.4455,0.2314
18.0761,1785919325.495548,A,2,0.9047,0.9782,1,1.7981,0.4707,0.2150
18.1561,1785919325.575392,A,2,0.9333,1,1,1.8780,0.4988,0.1972
18.2342,1785919325.653012,A,2,0.9533,1,1,1.9046,0.4806,0.2006
18.3112,1785919325.730364,A,2,0.9621,0.9828,1,1.8465,0.4627,0.2289
18.3890,1785919325.808203,A,2,0.9684,0.9828,1,1.7951,0.4363,0.2262
18.4680,1785919325.887036,A,2,0.9663,0.9615,1,1.7954,0.4653,0.2144
18.5464,1785919325.965656,A,2,0.9624,0.9532,1,1.7984,0.4950,0.1966
18.6241,1785919326.043444,A,2,0.9343,0.8686,1,1.6471,0.4528,0.2180
18.7020,1785919326.121008,A,2,0.9135,0.8650,1,1.6718,0.4719,0.2129
18.7800,1785919326.199398,A,2,0.9067,0.8908,1,1.7095,0.4881,0.2001
18.8590,1785919326.277980,A,2,0.8945,0.8661,1,1.6623,0.4722,0.2086
18.9384,1785919326.357932,A,2,0.8799,0.8458,1,1.6687,0.4623,0.2211
19.0163,1785919326.435791,A,2,0.8997,0.9461,1,1.7896,0.4919,0.2013
19.0962,1785919326.515338,A,2,0.9273,0.9917,1,1.8583,0.4873,0.1987
19.1743,1785919326.593263,A,2,0.9479,0.9959,1,1.8862,0.4836,0.2087
19.2534,1785919326.672539,A,2,0.9623,0.9959,1,1.8634,0.4537,0.2198
19.3316,1785919326.750645,A,2,0.9724,0.9959,1,1.8557,0.4617,0.2092
19.4108,1785919326.829744,A,2,0.9502,0.8984,1,1.7299,0.4357,0.2312
19.4889,1785919326.908080,A,2,0.9433,0.9271,1,1.7995,0.4753,0.2181
19.5670,1785919326.986102,A,2,0.9143,0.8468,1,1.7086,0.4686,0.2261
19.6467,1785919327.065740,A,2,0.8569,0.7229,1,1.5526,0.4202,0.2532
19.7249,1785919327.144156,A,2,0.8146,0.7160,1,1.5135,0.4223,0.2430
19.8046,1785919327.223548,A,2,0.7985,0.7610,1,1.5840,0.4453,0.2258
19.8828,1785919327.301775,A,2,0.7471,0.6270,1,1.4712,0.4085,0.2624
19.9618,1785919327.381100,A,2,0.7542,0.7708,1,1.6187,0.4427,0.2362
20.0387,1785919327.457868,A,2,0.7571,0.7638,1,1.5953,0.4145,0.2505
20.1187,1785919327.537647,A,2,0.7441,0.7137,1,1.5460,0.3631,0.2957
20.2112,1785919327.630365,B,2,0.7611,0.8008,1,1.6597,0.3923,0.2770
20.2917,1785919327.711057,B,2,0.7814,0.8288,1,1.6747,0.3951,0.2742
20.3697,1785919327.788636,B,2,0.7609,0.7132,1,1.5864,0.3601,0.3038
20.4487,1785919327.868290,B,2,0.6983,0.5521,0,1.4596,0.3322,0.3483
20.5259,1785919327.945483,B,2,0.6711,0.6077,0,1.4440,0.3491,0.3008
20.6039,1785919328.022885,B,2,0.6169,0.4904,0,1.3618,0.3459,0.3244
20.6839,1785919328.103022,B,2,0.5750,0.4771,0,1.3356,0.3390,0.3252
20.7618,1785919328.181116,B,2,0.5040,0.3384,0,1.2231,0.3184,0.3484
20.8421,1785919328.260942,B,2,0.5028,0.5000,0,1.3410,0.3556,0.3063
20.9201,1785919328.338985,B,2,0.4742,0.4075,0,1.3014,0.3246,0.3495
20.9986,1785919328.417709,B,2,0.5023,0.5677,0,1.4378,0.3740,0.3018
21.0783,1785919328.497124,B,2,0.4976,0.4869,0,1.3695,0.3103,0.3575
21.1564,1785919328.575531,B,2,0.5331,0.6157,0,1.4801,0.3201,0.3380
21.2363,1785919328.655920,B,2,0.5427,0.5651,0,1.4475,0.2907,0.3702
21.3143,1785919328.733656,B,2,0.5665,0.6222,0,1.4831,0.3024,0.3509
21.3923,1785919328.811244,B,2,0.5626,0.5535,0,1.4193,0.2930,0.3622
21.4722,1785919328.891459,B,2,0.5626,0.5625,0,1.4265,0.3309,0.3319
21.5500,1785919328.969008,B,2,0.5652,0.5714,0,1.4279,0.3432,0.3205
21.6292,1785919329.048466,B,2,0.5150,0.3978,0,1.2784,0.3075,0.3537
21.7066,1785919329.125792,B,2,0.4303,0.2327,0,1.1669,0.2903,0.3949
21.7848,1785919329.203781,B,2,0.3882,0.2899,0,1.1994,0.2984,0.3672
21.8646,1785919329.283550,B,2,0.3800,0.3610,0,1.2513,0.3137,0.3483
21.9431,1785919329.362182,B,2,0.3664,0.3345,0,1.2648,0.3029,0.3688
22.0230,1785919329.442112,B,2,0.3360,0.2652,0,1.2385,0.2506,0.4285
22.1009,1785919329.519749,B,2,0.4227,0.6250,0,1.4606,0.3180,0.3359
22.1807,1785919329.599581,B,2,0.4368,0.4698,0,1.4033,0.2920,0.3881
22.2585,1785919329.678097,B,2,0.4685,0.5426,0,1.4165,0.2726,0.3882
22.3369,1785919329.755742,B,2,0.5124,0.6148,0,1.5063,0.3119,0.3614
22.4167,1785919329.835777,B,2,0.5246,0.5528,0,1.4307,0.3065,0.3586
22.4949,1785919329.914063,B,2,0.5082,0.4702,0,1.3639,0.3127,0.3569
22.5730,1785919329.991964,B,2,0.4292,0.2448,0,1.2156,0.2744,0.4070
22.6508,1785919330.069703,B,2,0.3987,0.3275,0,1.2445,0.3033,0.3668
22.7289,1785919330.148357,B,2,0.3530,0.2465,0,1.1735,0.2838,0.3830
22.8089,1785919330.227741,B,2,0.3748,0.4256,0,1.3004,0.3397,0.3263
22.8867,1785919330.305627,B,2,0.3420,0.2655,0,1.1898,0.2961,0.3747
22.9668,1785919330.386366,B,2,0.3642,0.4158,0,1.3213,0.3269,0.3472
23.0443,1785919330.463504,B,2,0.4111,0.5205,0,1.3631,0.2986,0.3570
23.1207,1785919330.539913,B,2,0.4475,0.5324,0,1.3851,0.2802,0.3760
23.2004,1785919330.619792,B,2,0.4836,0.5680,0,1.4581,0.3102,0.3647
23.2787,1785919330.697609,B,2,0.5399,0.6712,0,1.5204,0.3195,0.3471
23.3585,1785919330.777316,B,2,0.5269,0.4966,0,1.4126,0.2891,0.3857
23.4366,1785919330.855683,B,2,0.5355,0.5556,0,1.4287,0.3184,0.3575
23.5146,1785919330.933658,B,2,0.5218,0.4899,0,1.3869,0.3232,0.3523
23.5947,1785919331.013650,B,2,0.4646,0.3311,0,1.2906,0.3054,0.3756
23.6711,1785919331.090359,B,2,0.4312,0.3533,0,1.2639,0.3184,0.3513
23.7489,1785919331.167817,B,2,0.3679,0.2200,0,1.1533,0.2970,0.3795
23.8288,1785919331.247745,B,2,0.3365,0.2633,0,1.1778,0.3014,0.3658
23.9083,1785919331.327182,B,2,0.3346,0.3300,0,1.2492,0.3174,0.3558
23.9869,1785919331.405822,B,2,0.4072,0.5767,0,1.3674,0.3258,0.3241
24.0673,1785919331.486565,B,2,0.4730,0.6267,0,1.4318,0.3382,0.3223
24.1442,1785919331.563110,B,2,0.4641,0.4433,0,1.3527,0.2812,0.3886
24.2229,1785919331.642092,B,2,0.4659,0.4700,0,1.3956,0.2814,0.3957
24.3030,1785919331.721964,B,2,0.4921,0.5533,0,1.4218,0.2793,0.3907
24.3813,1785919331.800085,B,2,0.5325,0.6267,0,1.4580,0.3048,0.3613
24.4592,1785919331.878419,B,2,0.4737,0.3367,0,1.3171,0.2765,0.4110
24.5393,1785919331.958231,B,2,0.4246,0.3100,0,1.2660,0.2795,0.4018
24.6173,1785919332.036492,B,2,0.3662,0.2300,0,1.1843,0.2702,0.4059
24.6961,1785919332.115395,B,2,0.3154,0.1967,0,1.1530,0.2842,0.4032
24.7753,1785919332.194164,B,2,0.2868,0.2200,0,1.1608,0.2809,0.3985
24.8542,1785919332.273619,B,2,0.2237,0.0767,0,1.0436,0.2265,0.4620
24.9332,1785919332.352338,B,2,0.1966,0.1333,0,1.1253,0.2482,0.4476
25.0123,1785919332.431063,B,2,0.2356,0.3267,0,1.2462,0.2692,0.4022
25.0913,1785919332.510661,B,2,0.2749,0.3667,0,1.2840,0.2485,0.4178
25.1708,1785919332.589867,B,2,0.2935,0.3367,0,1.3200,0.2383,0.4524
25.2497,1785919332.668460,B,2,0.3674,0.5400,0,1.4070,0.2759,0.3974
25.3281,1785919332.747242,B,2,0.3282,0.2367,0,1.2801,0.2184,0.4836
25.4071,1785919332.826109,B,2,0.3147,0.2833,0,1.2814,0.2255,0.4641
25.4861,1785919332.904958,B,2,0.3113,0.3033,0,1.2638,0.2590,0.4247
25.5661,1785919332.985033,B,2,0.2539,0.1200,0,1.1225,0.2136,0.4836
25.6444,1785919333.063614,B,2,0.1977,0.0667,0,1.0546,0.2112,0.4837
25.7219,1785919333.141009,B,2,0.1584,0.0667,0,1.0276,0.2116,0.4793
25.8003,1785919333.219576,B,2,0.1239,0.0433,0,0.9840,0.1973,0.5127
25.8787,1785919333.298206,B,2,0.1037,0.0567,0,1.0275,0.1954,0.5050
25.9563,1785919333.375627,B,2,0.0916,0.0633,0,1.0841,0.2107,0.5077
26.0341,1785919333.453046,B,2,0.0831,0.0633,0,1.1133,0.1888,0.5399
26.1123,1785919333.532075,B,2,0.0902,0.1067,0,1.1820,0.1973,0.5333
26.1903,1785919333.609209,B,2,0.0941,0.1033,0,1.2026,0.1787,0.5567
26.2685,1785919333.687357,B,2,0.1289,0.2100,0,1.2489,0.1911,0.5154
26.3465,1785919333.765785,B,2,0.1182,0.0933,0,1.2156,0.1674,0.5748
26.4264,1785919333.845472,B,2,0.1398,0.1900,0,1.2065,0.1866,0.5144
26.5044,1785919333.923461,B,2,0.1138,0.0533,0,1.0917,0.1556,0.5698
26.5826,1785919334.001808,B,2,0.0947,0.0500,0,1.0564,0.1750,0.5533
26.6613,1785919334.080331,B,2,0.0743,0.0267,0,1.0087,0.1830,0.5516
26.7395,1785919334.158710,B,2,0.0580,0.0200,0,0.9855,0.1809,0.5509
26.8178,1785919334.237275,B,2,0.0596,0.0633,0,1.0194,0.2084,0.5071
26.8979,1785919334.316771,B,2,0.0467,0.0167,0,0.9819,0.1859,0.5552
26.9761,1785919334.395116,B,2,0.0437,0.0367,0,1.0282,0.1639,0.5683
27.0550,1785919334.474371,B,2,0.0556,0.0833,0,1.1212,0.1659,0.5630
27.1339,1785919334.552870,B,2,0.0719,0.1100,0,1.1859,0.1745,0.5643
27.2118,1785919334.630766,B,2,0.0903,0.1333,0,1.2191,0.1620,0.5779
27.2919,1785919334.711111,B,2,0.1002,0.1233,0,1.2082,0.1704,0.5709
27.3700,1785919334.788998,B,2,0.1292,0.1967,0,1.2104,0.1807,0.5396
27.4489,1785919334.868195,B,2,0.1364,0.1533,0,1.1716,0.1810,0.5405
27.5281,1785919334.947478,B,2,0.1195,0.0800,0,1.1033,0.1729,0.5528
27.6059,1785919335.024862,B,2,0.0986,0.0500,0,1.0370,0.1730,0.5583
27.6862,1785919335.105353,B,2,0.0841,0.0500,0,1.0014,0.1929,0.5295
27.7643,1785919335.183915,B,2,0.0698,0.0367,0,0.9682,0.1879,0.5317
27.8419,1785919335.260793,B,2,0.0639,0.0500,0,0.9795,0.1982,0.5182
27.9189,1785919335.337725,B,2,0.0687,0.0800,0,1.0322,0.1973,0.5252
27.9981,1785919335.417352,B,2,0.1191,0.2367,0,1.1471,0.2285,0.4687
28.0782,1785919335.497486,B,2,0.1444,0.2033,0,1.1653,0.1922,0.5197
28.1561,1785919335.575619,B,2,0.1991,0.3267,0,1.2560,0.2124,0.4925
28.2360,1785919335.655174,B,2,0.2613,0.4067,0,1.3078,0.2164,0.4748
28.3133,1785919335.732510,B,2,0.2839,0.3367,0,1.2828,0.2018,0.5046
28.3927,1785919335.811624,B,2,0.3098,0.3700,0,1.2814,0.2189,0.4742
28.4707,1785919335.889779,B,2,0.2448,0.0933,0,1.1320,0.1645,0.5767
28.5509,1785919335.970095,B,2,0.2784,0.3567,0,1.1835,0.2501,0.4203
28.6288,1785919336.047648,B,2,0.2849,0.3000,0,1.1395,0.2530,0.4238
28.7088,1785919336.127826,B,2,0.2604,0.2033,0,1.0878,0.2510,0.4457
28.7867,1785919336.205805,B,2,0.2223,0.1333,0,1.0379,0.2146,0.4789
28.8650,1785919336.284113,B,2,0.1916,0.1200,0,1.0362,0.2143,0.4864
28.9432,1785919336.362266,B,2,0.2141,0.2667,0,1.1360,0.2526,0.4421
29.0232,1785919336.442605,B,2,0.2589,0.3633,0,1.2149,0.2583,0.4278
29.1009,1785919336.519756,B,2,0.3302,0.4967,0,1.2977,0.2645,0.4124
29.1794,1785919336.598489,B,2,0.3992,0.5600,0,1.3312,0.2458,0.4226
29.2596,1785919336.678798,B,2,0.4814,0.6733,0,1.4228,0.2800,0.3913
29.3372,1785919336.756274,B,2,0.5090,0.5733,0,1.3844,0.2747,0.4077
29.4173,1785919336.836584,B,2,0.4713,0.3833,0,1.2629,0.2180,0.4675
29.4962,1785919336.915243,B,2,0.4959,0.5533,0,1.3236,0.2767,0.3957
29.5760,1785919336.995135,B,2,0.4871,0.4667,0,1.2603,0.2807,0.3924
29.6541,1785919337.073234,B,2,0.4330,0.3067,0,1.1254,0.2518,0.4181
29.7339,1785919337.153494,B,2,0.4141,0.3700,0,1.1645,0.2866,0.3777
29.8123,1785919337.231562,B,2,0.3869,0.3233,0,1.1393,0.2889,0.3913
29.8920,1785919337.310915,B,2,0.4038,0.4433,0,1.2195,0.3122,0.3609
29.9691,1785919337.388366,B,2,0.4287,0.4867,0,1.2464,0.2836,0.3800
30.0479,1785919337.466960,B,2,0.4521,0.5067,0,1.3028,0.2852,0.3951
30.1259,1785919337.544871,B,2,0.4604,0.4800,0,1.3010,0.2575,0.4221
30.2197,1785919337.638899,A,3,0.4933,0.5700,0,1.3731,0.2650,0.4222
30.3003,1785919337.719389,A,3,0.5493,0.6800,0,1.4189,0.2718,0.3955
30.3779,1785919337.796813,A,3,0.5845,0.6667,0,1.4105,0.2941,0.3768
30.4581,1785919337.877119,A,3,0.5482,0.4633,0,1.2906,0.2543,0.4225
30.5363,1785919337.955700,A,3,0.5017,0.3933,0,1.2514,0.2702,0.4125
30.6140,1785919338.032900,A,3,0.4292,0.2600,0,1.1229,0.2487,0.4369
30.6940,1785919338.112956,A,3,0.3964,0.3200,0,1.1409,0.2706,0.4012
30.7722,1785919338.191767,A,3,0.3715,0.3133,0,1.1366,0.2751,0.3991
30.8501,1785919338.269019,A,3,0.3661,0.3533,0,1.1678,0.2885,0.3817
30.9281,1785919338.347076,A,3,0.3562,0.3333,0,1.1395,0.2495,0.4130
31.0049,1785919338.424016,A,3,0.3594,0.3667,0,1.2015,0.2543,0.4168
31.0837,1785919338.502705,A,3,0.3976,0.4867,0,1.2988,0.2608,0.4179
31.1628,1785919338.581697,A,3,0.4733,0.6500,0,1.3991,0.2869,0.3828
31.2403,1785919338.660153,A,3,0.5313,0.6667,0,1.4004,0.2694,0.3930
31.3179,1785919338.736901,A,3,0.5689,0.6567,0,1.4129,0.2916,0.3820
31.3959,1785919338.815085,A,3,0.5032,0.3500,0,1.2894,0.2316,0.4712
31.4758,1785919338.895020,A,3,0.5113,0.5300,0,1.3116,0.2768,0.3938
31.5538,1785919338.972983,A,3,0.4749,0.3900,0,1.2362,0.2576,0.4169
31.6322,1785919339.051154,A,3,0.4294,0.3233,0,1.1704,0.2672,0.4082
31.7103,1785919339.129600,A,3,0.3796,0.2633,0,1.1272,0.2711,0.4184
31.7895,1785919339.208593,A,3,0.3477,0.2733,0,1.1078,0.2700,0.4067
31.8686,1785919339.287542,A,3,0.3184,0.2500,0,1.1013,0.2574,0.4267
31.9464,1785919339.365546,A,3,0.3389,0.3867,0,1.1984,0.2723,0.3992
32.0257,1785919339.444714,A,3,0.3422,0.3500,0,1.2222,0.2678,0.4206
32.1039,1785919339.523082,A,3,0.3996,0.5333,0,1.3277,0.2729,0.4029
32.1839,1785919339.603042,A,3,0.4547,0.5833,0,1.3853,0.2835,0.3940
32.2640,1785919339.683241,A,3,0.4893,0.5700,0,1.3951,0.2728,0.4127
32.3421,1785919339.761542,A,3,0.5145,0.5733,0,1.4043,0.2699,0.4161
32.4220,1785919339.841223,A,3,0.5261,0.5533,0,1.3394,0.2743,0.3976
32.4997,1785919339.918737,A,3,0.5483,0.6000,0,1.3619,0.3074,0.3618
32.5791,1785919339.998085,A,3,0.4588,0.2500,0,1.1501,0.2460,0.4456
32.6581,1785919340.077334,A,3,0.4642,0.4767,0,1.2376,0.3034,0.3570
32.7363,1785919340.155384,A,3,0.4869,0.5400,0,1.2649,0.3257,0.3346
32.8143,1785919340.233347,A,3,0.4498,0.3633,0,1.1731,0.2931,0.3721
32.8933,1785919340.312456,A,3,0.4229,0.3600,0,1.1995,0.2955,0.3809
32.9715,1785919340.390337,A,3,0.4320,0.4533,0,1.2417,0.2847,0.3775
33.0495,1785919340.468367,A,3,0.5224,0.7333,0,1.4159,0.3334,0.3276
33.1270,1785919340.546357,A,3,0.5777,0.7067,0,1.4251,0.3060,0.3584
33.2067,1785919340.625689,A,3,0.6544,0.8333,0,1.5319,0.3346,0.3262
33.2857,1785919340.704952,A,3,0.7031,0.8167,1,1.5162,0.3204,0.3406
33.3630,1785919340.782102,A,3,0.7501,0.8600,1,1.5667,0.3498,0.3137
33.4432,1785919340.862338,A,3,0.7531,0.7600,1,1.4540,0.3269,0.3339
33.5199,1785919340.938920,A,3,0.7372,0.7000,1,1.4067,0.3339,0.3275
33.5989,1785919341.018122,A,3,0.7210,0.6833,1,1.3908,0.3581,0.3107
33.6758,1785919341.094997,A,3,0.7037,0.6633,1,1.3676,0.3641,0.3018
33.7534,1785919341.172492,A,3,0.6586,0.5533,0,1.3183,0.3547,0.3110
33.8307,1785919341.250186,A,3,0.6660,0.6833,0,1.3758,0.3743,0.2901
33.9083,1785919341.327201,A,3,0.6802,0.7133,0,1.3817,0.3544,0.2991
33.9868,1785919341.405883,A,3,0.7311,0.8500,1,1.5285,0.4023,0.2606
34.0642,1785919341.483519,A,3,0.7928,0.9367,1,1.6744,0.4239,0.2414
34.1441,1785919341.563059,A,3,0.8130,0.8600,1,1.5230,0.3438,0.2987
34.2215,1785919341.640608,A,3,0.8631,0.9800,1,1.7986,0.4231,0.2262
34.3002,1785919341.719521,A,3,0.8802,0.9200,1,1.6691,0.3839,0.2763
34.3789,1785919341.797794,A,3,0.8891,0.9100,1,1.6549,0.3879,0.2710
34.4578,1785919341.876752,A,3,0.8904,0.8933,1,1.6856,0.4373,0.2477
34.5360,1785919341.955083,A,3,0.9023,0.9300,1,1.6569,0.4329,0.2289
34.6158,1785919342.034770,A,3,0.8936,0.8733,1,1.6255,0.4490,0.2281
34.6942,1785919342.113244,A,3,0.8905,0.8833,1,1.6414,0.4566,0.2175
34.7710,1785919342.190374,A,3,0.8854,0.8733,1,1.6073,0.4424,0.2238
34.8500,1785919342.269349,A,3,0.8727,0.8433,1,1.5926,0.4556,0.2254
34.9291,1785919342.348509,A,3,0.8749,0.8800,1,1.6483,0.4450,0.2301
35.0071,1785919342.426308,A,3,0.8944,0.9400,1,1.7422,0.4661,0.2161
35.0853,1785919342.504205,A,3,0.9181,0.9733,1,1.8191,0.4804,0.2045
35.1650,1785919342.584650,A,3,0.9417,0.9967,1,1.9032,0.4740,0.2074
35.2567,1785919342.675961,B,3,0.9572,0.9933,1,1.9080,0.4710,0.2121
35.3350,1785919342.753905,B,3,0.9610,0.9700,1,1.8129,0.4397,0.2287
35.4140,1785919342.832961,B,3,0.9677,0.9833,1,1.8796,0.4816,0.2053
35.4930,1785919342.912157,B,3,0.9544,0.9233,1,1.7468,0.4555,0.2251
35.5710,1785919342.989999,B,3,0.9361,0.8933,1,1.6675,0.4383,0.2337
35.6499,1785919343.068856,B,3,0.9263,0.9033,1,1.6775,0.4626,0.2144
35.7296,1785919343.148915,B,3,0.9004,0.8400,1,1.6221,0.4498,0.2207
35.8070,1785919343.225876,B,3,0.8823,0.8400,1,1.6370,0.4590,0.2186
35.8860,1785919343.305115,B,3,0.8906,0.9100,1,1.6783,0.4711,0.2057
35.9641,1785919343.383487,B,3,0.8624,0.7967,1,1.5844,0.4238,0.2469
36.0438,1785919343.462651,B,3,0.8897,0.9533,1,1.8196,0.4877,0.2035
36.1227,1785919343.542051,B,3,0.8958,0.9100,1,1.7362,0.4277,0.2448
36.2017,1785919343.621043,B,3,0.9120,0.9500,1,1.8115,0.4501,0.2315
36.2817,1785919343.700520,B,3,0.9164,0.9267,1,1.7706,0.4292,0.2425
36.3598,1785919343.778739,B,3,0.9185,0.9233,1,1.7465,0.4109,0.2477
36.4398,1785919343.859414,B,3,0.9160,0.9100,1,1.7604,0.4416,0.2394
36.5179,1785919343.936986,B,3,0.9062,0.8833,1,1.6733,0.4253,0.2400
36.5978,1785919344.016766,B,3,0.8673,0.7767,1,1.5668,0.4164,0.2454
36.6759,1785919344.094933,B,3,0.7781,0.5700,1,1.4179,0.3757,0.3025
36.7560,1785919344.175631,B,3,0.7127,0.5600,1,1.3647,0.3629,0.2958
36.8337,1785919344.253134,B,3,0.6869,0.6267,0,1.4115,0.3866,0.2785
36.9121,1785919344.331472,B,3,0.6598,0.5967,0,1.3988,0.3575,0.3039
36.9888,1785919344.407818,B,3,0.6889,0.7567,0,1.5975,0.4314,0.2532
37.0678,1785919344.486933,B,3,0.7112,0.7633,1,1.5461,0.3677,0.2812
37.1460,1785919344.564886,B,3,0.7278,0.7667,1,1.5848,0.3689,0.2927
37.2233,1785919344.642446,B,3,0.7545,0.8167,1,1.6888,0.4035,0.2788
37.3022,1785919344.721110,B,3,0.7921,0.8800,1,1.6872,0.3997,0.2654
37.3821,1785919344.801615,B,3,0.8285,0.9133,1,1.7584,0.4320,0.2448
37.4599,1785919344.879213,B,3,0.7880,0.6933,1,1.5046,0.3438,0.3125
37.5400,1785919344.959021,B,3,0.7676,0.7200,1,1.5637,0.4008,0.2774
37.6196,1785919345.039007,B,3,0.6823,0.4833,0,1.3531,0.3325,0.3282
37.6981,1785919345.117355,B,3,0.6106,0.4433,0,1.3049,0.3232,0.3274
37.7763,1785919345.195499,B,3,0.5594,0.4400,0,1.3187,0.3618,0.3041
37.8540,1785919345.273117,B,3,0.5006,0.3633,0,1.2574,0.3287,0.3372
37.9321,1785919345.351263,B,3,0.5144,0.5467,0,1.3742,0.3426,0.3176
38.0124,1785919345.431811,B,3,0.5431,0.6100,0,1.4221,0.3428,0.3200
38.0905,1785919345.509665,B,3,0.5882,0.6933,0,1.5074,0.3574,0.3052
38.1684,1785919345.587469,B,3,0.6357,0.7467,0,1.5606,0.3597,0.2938
38.2473,1785919345.666394,B,3,0.6840,0.7967,0,1.6421,0.3756,0.2859
38.3260,1785919345.745377,B,3,0.6948,0.7200,0,1.5417,0.3384,0.3149
38.4056,1785919345.824456,B,3,0.6984,0.7067,0,1.5366,0.3485,0.3104
38.4844,1785919345.903624,B,3,0.7029,0.7133,1,1.5488,0.3742,0.2914
38.5634,1785919345.983019,B,3,0.6780,0.6200,0,1.4391,0.3622,0.3054
38.6415,1785919346.060477,B,3,0.5866,0.3733,0,1.2570,0.3054,0.3491
38.7196,1785919346.138698,B,3,0.5376,0.4233,0,1.3110,0.3559,0.3086
38.8000,1785919346.219393,B,3,0.4973,0.4033,0,1.2947,0.3441,0.3235
38.8789,1785919346.297874,B,3,0.4991,0.5033,0,1.3595,0.3589,0.3062
38.9570,1785919346.376046,B,3,0.4874,0.4600,0,1.3758,0.3677,0.3179
39.0352,1785919346.454338,B,3,0.5502,0.6967,0,1.5129,0.3699,0.2888
39.1129,1785919346.532142,B,3,0.5761,0.6367,0,1.4397,0.3093,0.3419
39.1930,1785919346.611928,B,3,0.6333,0.7667,0,1.6244,0.3867,0.2861
39.2721,1785919346.691303,B,3,0.6623,0.7300,0,1.5728,0.3383,0.3214
39.3511,1785919346.770113,B,3,0.6986,0.7833,0,1.6263,0.3748,0.2880
39.4314,1785919346.850636,B,3,0.6950,0.6867,0,1.5413,0.3511,0.3124
39.5086,1785919346.927807,B,3,0.6795,0.6433,0,1.4615,0.3466,0.3077
39.5867,1785919347.005688,B,3,0.6697,0.6467,0,1.4616,0.3608,0.2953
39.6641,1785919347.083045,B,3,0.6658,0.6567,0,1.4648,0.3879,0.2675
39.7423,1785919347.161589,B,3,0.6020,0.4533,0,1.3327,0.3603,0.3041
39.8224,1785919347.241702,B,3,0.5714,0.5000,0,1.3290,0.3540,0.2979
39.9003,1785919347.319720,B,3,0.5880,0.6267,0,1.4322,0.3887,0.2713
39.9785,1785919347.397850,B,3,0.6036,0.6400,0,1.4597,0.3701,0.2902
40.0566,1785919347.475737,B,3,0.6185,0.6533,0,1.4705,0.3585,0.3006
40.1344,1785919347.553299,B,3,0.6520,0.7300,0,1.5734,0.3863,0.2813
40.2124,1785919347.631555,B,3,0.6834,0.7567,0,1.6232,0.3904,0.2856
40.2907,1785919347.709580,B,3,0.7304,0.8400,1,1.6572,0.3773,0.2800
40.3688,1785919347.788111,B,3,0.7563,0.8167,1,1.6428,0.3863,0.2721
40.4469,1785919347.866156,B,3,0.7244,0.6500,1,1.4917,0.3284,0.3253
40.5269,1785919347.946423,B,3,0.7381,0.7700,1,1.5925,0.4117,0.2492
40.6053,1785919348.024502,B,3,0.6806,0.5467,0,1.3868,0.3534,0.3058
40.6820,1785919348.101379,B,3,0.6575,0.6033,0,1.4021,0.3624,0.2921
40.7587,1785919348.177607,B,3,0.5762,0.3867,0,1.2750,0.3302,0.3342
40.8382,1785919348.257228,B,3,0.5204,0.3900,0,1.2634,0.3220,0.3358
40.9168,1785919348.336275,B,3,0.4822,0.3933,0,1.2964,0.3347,0.3382
40.9947,1785919348.413672,B,3,0.4946,0.5233,0,1.3738,0.3362,0.3276
41.0732,1785919348.492393,B,3,0.5162,0.5667,0,1.4284,0.3429,0.3294
41.1520,1785919348.571361,B,3,0.5593,0.6600,0,1.5020,0.3426,0.3258
41.2310,1785919348.649991,B,3,0.5625,0.5700,0,1.4646,0.3040,0.3731
41.3090,1785919348.728257,B,3,0.5998,0.6867,0,1.5214,0.3340,0.3320
41.3889,1785919348.808171,B,3,0.5778,0.5267,0,1.4147,0.2911,0.3765
41.4672,1785919348.886203,B,3,0.5455,0.4700,0,1.4101,0.3176,0.3660
41.5461,1785919348.965422,B,3,0.5048,0.4100,0,1.3314,0.2930,0.3736
41.6247,1785919349.044375,B,3,0.4534,0.3333,0,1.2389,0.2915,0.3676
41.7025,1785919349.121910,B,3,0.3744,0.1900,0,1.1692,0.2978,0.3868
41.7825,1785919349.201877,B,3,0.3061,0.1467,0,1.1222,0.2869,0.4008
41.8604,1785919349.279953,B,3,0.2612,0.1567,0,1.1244,0.2628,0.4119
41.9404,1785919349.359522,B,3,0.2589,0.2533,0,1.2032,0.2644,0.4062
42.0187,1785919349.437922,B,3,0.3082,0.4233,0,1.3154,0.2889,0.3724
42.0985,1785919349.517600,B,3,0.2697,0.1800,0,1.2185,0.2211,0.4702
42.1767,1785919349.595504,B,3,0.2728,0.2800,0,1.2954,0.2214,0.4719
42.2565,1785919349.675321,B,3,0.3170,0.4200,0,1.3822,0.2577,0.4300
42.3345,1785919349.753732,B,3,0.3329,0.3700,0,1.3228,0.2272,0.4459
42.4144,1785919349.833314,B,3,0.2820,0.1633,0,1.2454,0.2083,0.4982
42.4926,1785919349.911837,B,3,0.2834,0.2867,0,1.2339,0.2333,0.4384
42.5725,1785919349.991702,B,3,0.2134,0.0500,0,1.0800,0.1880,0.5363
42.6505,1785919350.069426,B,3,0.1804,0.1033,0,1.0675,0.2234,0.4693
42.7306,1785919350.149418,B,3,0.1483,0.0733,0,1.0233,0.2159,0.4779
42.8086,1785919350.227970,B,3,0.1338,0.1000,0,1.0460,0.2218,0.4661
42.8884,1785919350.307784,B,3,0.1036,0.0333,0,1.0107,0.1959,0.5214
42.9667,1785919350.386060,B,3,0.1126,0.1333,0,1.1054,0.2158,0.4749
43.0465,1785919350.465686,B,3,0.1078,0.0967,0,1.1464,0.1994,0.5239
43.1246,1785919350.543766,B,3,0.1265,0.1700,0,1.2175,0.2000,0.5065
43.2035,1785919350.622705,B,3,0.1605,0.2400,0,1.2794,0.2076,0.4944
43.2797,1785919350.699372,B,3,0.1594,0.1567,0,1.2522,0.1813,0.5394
43.3564,1785919350.775286,B,3,0.1546,0.1433,0,1.2076,0.1858,0.5332
43.4344,1785919350.853264,B,3,0.1342,0.0867,0,1.1616,0.1782,0.5529
43.5122,1785919350.931362,B,3,0.1179,0.0800,0,1.1364,0.1761,0.5506
43.5921,1785919351.011272,B,3,0.1226,0.1333,0,1.0800,0.1991,0.4905
43.6703,1785919351.089650,B,3,0.0878,0.0067,0,0.9775,0.1726,0.5637
43.7480,1785919351.167298,B,3,0.0855,0.0800,0,1.0233,0.2232,0.4745
43.8282,1785919351.247478,B,3,0.0628,0.0100,0,0.9796,0.1922,0.5476
43.9063,1785919351.325405,B,3,0.0480,0.0133,0,0.9951,0.1683,0.5694
43.9842,1785919351.403292,B,3,0.0566,0.0767,0,1.0675,0.1878,0.5255
44.0611,1785919351.480031,B,3,0.0876,0.1600,0,1.1645,0.1897,0.5198
44.1404,1785919351.559674,B,3,0.1263,0.2167,0,1.2058,0.1955,0.4987
44.2188,1785919351.638547,B,3,0.1424,0.1800,0,1.2298,0.1867,0.5344
44.2964,1785919351.715891,B,3,0.2137,0.3800,0,1.3089,0.2231,0.4640
44.3743,1785919351.793439,B,3,0.2036,0.1800,0,1.2318,0.1778,0.5427
44.4543,1785919351.873724,B,3,0.1735,0.1033,0,1.1555,0.1818,0.5493
44.5323,1785919351.951182,B,3,0.1665,0.1500,0,1.1206,0.1957,0.5107
44.6123,1785919352.031619,B,3,0.1475,0.1033,0,1.0595,0.2075,0.4945
44.6896,1785919352.108790,B,3,0.1123,0.0300,0,1.0062,0.1799,0.5475
44.7685,1785919352.187506,B,3,0.0966,0.0600,0,1.0030,0.2031,0.5028
44.8462,1785919352.265091,B,3,0.1046,0.1233,0,1.0347,0.2142,0.4764
44.9240,1785919352.343721,B,3,0.1052,0.1067,0,1.0439,0.1977,0.4974
45.0039,1785919352.422827,B,3,0.1297,0.1867,0,1.1373,0.2202,0.4845
45.0822,1785919352.501351,B,3,0.1518,0.2033,0,1.1755,0.2152,0.4931
45.1619,1785919352.581744,B,3,0.2092,0.3433,0,1.2765,0.2329,0.4631
45.2411,1785919352.660271,B,3,0.2455,0.3300,0,1.2801,0.2063,0.4915
45.3348,1785919352.754085,A,4,0.2968,0.4167,0,1.2976,0.2333,0.4533
45.4152,1785919352.834396,A,4,0.3538,0.4867,0,1.3325,0.2584,0.4268
45.4949,1785919352.914355,A,4,0.3486,0.3367,0,1.2323,0.2344,0.4500
45.5748,1785919352.994026,A,4,0.3201,0.2533,0,1.1538,0.2389,0.4478
45.6527,1785919353.071745,A,4,0.2540,0.1000,0,1.0476,0.2185,0.4852
45.7309,1785919353.149967,A,4,0.2228,0.1500,0,1.0559,0.2376,0.4587
45.8111,1785919353.230299,A,4,0.1920,0.1200,0,1.0258,0.2172,0.4729
45.8888,1785919353.308147,A,4,0.1934,0.1967,0,1.0963,0.2346,0.4586
45.9687,1785919353.387736,A,4,0.2284,0.3100,0,1.1880,0.2581,0.4286
46.0467,1785919353.465910,A,4,0.2939,0.4467,0,1.2768,0.2716,0.4120
46.1265,1785919353.545324,A,4,0.3317,0.4200,0,1.2719,0.2323,0.4514
46.2044,1785919353.623981,A,4,0.3912,0.5300,0,1.3611,0.2599,0.4235
46.2822,1785919353.701140,A,4,0.3998,0.4200,0,1.3084,0.2275,0.4681
46.3605,1785919353.780361,A,4,0.4329,0.5100,0,1.3382,0.2563,0.4294
46.4406,1785919353.859932,A,4,0.4410,0.4600,0,1.2992,0.2387,0.4393
46.5166,1785919353.935388,A,4,0.3807,0.2400,0,1.1747,0.2137,0.4868
46.5960,1785919354.014977,A,4,0.3705,0.3467,0,1.1868,0.2702,0.4075
46.6750,1785919354.094200,A,4,0.3233,0.2133,0,1.0953,0.2516,0.4397
46.7548,1785919354.173757,A,4,0.2763,0.1667,0,1.0471,0.2267,0.4612
46.8330,1785919354.252360,A,4,0.2514,0.1933,0,1.0788,0.2431,0.4477
46.9130,1785919354.332603,A,4,0.2340,0.1933,0,1.0843,0.2300,0.4600
46.9897,1785919354.409088,A,4,0.2528,0.2967,0,1.1639,0.2380,0.4450
47.0670,1785919354.486176,A,4,0.2770,0.3333,0,1.2303,0.2311,0.4644
47.1449,1785919354.564491,A,4,0.3499,0.5200,0,1.3131,0.2479,0.4290
47.2218,1785919354.641091,A,4,0.3939,0.4967,0,1.3377,0.2385,0.4503
47.3010,1785919354.720359,A,4,0.4387,0.5433,0,1.3579,0.2376,0.4467
47.3790,1785919354.798699,A,4,0.4671,0.5333,0,1.3257,0.2428,0.4360
47.4569,1785919354.876177,A,4,0.4070,0.2667,0,1.2047,0.2119,0.4942
47.5347,1785919354.953637,A,4,0.3479,0.2100,0,1.1637,0.2203,0.4952
47.6148,1785919355.034333,A,4,0.3315,0.2933,0,1.1321,0.2405,0.4363
47.6928,1785919355.111601,A,4,0.2641,0.1067,0,1.0486,0.2063,0.4937
47.7709,1785919355.189803,A,4,0.2168,0.1067,0,1.0266,0.2275,0.4697
47.8501,1785919355.269223,A,4,0.2108,0.1967,0,1.0656,0.2368,0.4483
47.9268,1785919355.346192,A,4,0.1776,0.1000,0,1.0634,0.2141,0.4953
48.0039,1785919355.422838,A,4,0.2033,0.2633,0,1.1609,0.2210,0.4778
48.0830,1785919355.502184,A,4,0.2683,0.4200,0,1.2515,0.2345,0.4519
48.1627,1785919355.581881,A,4,0.3108,0.4100,0,1.2627,0.2309,0.4626
48.2408,1785919355.659873,A,4,0.3266,0.3633,0,1.2579,0.2039,0.4954
48.3191,1785919355.738391,A,4,0.3466,0.3933,0,1.2990,0.2117,0.4951
48.3970,1785919355.816484,A,4,0.3266,0.2800,0,1.2314,0.1992,0.5170
48.4745,1785919355.893529,A,4,0.3106,0.2733,0,1.2037,0.2116,0.4978
48.5535,1785919355.972690,A,4,0.2904,0.2433,0,1.1450,0.2251,0.4741
48.6316,1785919356.050492,A,4,0.2623,0.1967,0,1.0986,0.2378,0.4642
48.7116,1785919356.130455,A,4,0.2466,0.2100,0,1.0861,0.2299,0.4607
48.7886,1785919356.207703,A,4,0.2476,0.2500,0,1.0952,0.2458,0.4418
48.8676,1785919356.286618,A,4,0.2273,0.1800,0,1.0659,0.2258,0.4679
48.9476,1785919356.366495,A,4,0.2481,0.2967,0,1.1417,0.2457,0.4466
49.0260,1785919356.445276,A,4,0.2707,0.3233,0,1.1856,0.2488,0.4538
49.1056,1785919356.524560,A,4,0.3405,0.5033,0,1.2798,0.2536,0.4275
49.1817,1785919356.600704,A,4,0.3903,0.5067,0,1.3117,0.2464,0.4403
49.2616,1785919356.680842,A,4,0.3992,0.4200,0,1.2972,0.2175,0.4869
49.3384,1785919356.757325,A,4,0.4565,0.5900,0,1.3510,0.2570,0.4207
49.4158,1785919356.835040,A,4,0.4875,0.5600,0,1.3197,0.2516,0.4231
49.4937,1785919356.912925,A,4,0.5253,0.6133,0,1.3315,0.2820,0.3856
49.5725,1785919356.991433,A,4,0.5107,0.4767,0,1.2281,0.2602,0.4084
49.6516,1785919357.070623,A,4,0.3985,0.1367,0,1.0988,0.2315,0.4809
49.7296,1785919357.148899,A,4,0.4309,0.5067,0,1.2152,0.2978,0.3593
49.8077,1785919357.226662,A,4,0.4357,0.4467,0,1.1889,0.3082,0.3658
49.8856,1785919357.304535,A,4,0.4120,0.3567,0,1.1470,0.2632,0.4058
49.9627,1785919357.382058,A,4,0.4734,0.6167,0,1.2894,0.3049,0.3512
50.0416,1785919357.460564,A,4,0.5214,0.6333,0,1.3567,0.3137,0.3633
50.1207,1785919357.539556,A,4,0.5970,0.7733,0,1.4740,0.3352,0.3225
50.1979,1785919357.617180,A,4,0.6539,0.7867,0,1.5071,0.3283,0.3352
50.2776,1785919357.696587,A,4,0.6707,0.7100,0,1.4499,0.3064,0.3685
50.3719,1785919357.790730,B,4,0.7105,0.8033,1,1.5374,0.3400,0.3290
50.4508,1785919357.870194,B,4,0.7323,0.7833,1,1.4939,0.3447,0.3144
50.5297,1785919357.948975,B,4,0.7316,0.7300,1,1.4128,0.3444,0.3183
50.6086,1785919358.027923,B,4,0.7251,0.7100,1,1.3814,0.3516,0.3047
50.6867,1785919358.105732,B,4,0.6856,0.5933,0,1.3233,0.3547,0.3234
50.7653,1785919358.184343,B,4,0.6819,0.6733,0,1.3564,0.3762,0.2898
50.8448,1785919358.264110,B,4,0.6623,0.6167,0,1.3306,0.3498,0.3191
50.9239,1785919358.343018,B,4,0.6946,0.7700,0,1.4582,0.3807,0.2794
51.0041,1785919358.423153,B,4,0.7272,0.8033,1,1.4959,0.3902,0.2739
51.0830,1785919358.502347,B,4,0.7761,0.8900,1,1.6358,0.4024,0.2629
51.1617,1785919358.580690,B,4,0.8083,0.8833,1,1.6621,0.3941,0.2821
51.2402,1785919358.659171,B,4,0.8278,0.8733,1,1.6336,0.3719,0.2936
51.3181,1785919358.737406,B,4,0.8644,0.9500,1,1.7090,0.4015,0.2569
51.3959,1785919358.814891,B,4,0.8781,0.9100,1,1.6482,0.4027,0.2601
51.4759,1785919358.894876,B,4,0.8657,0.8367,1,1.5578,0.3731,0.2819
51.5540,1785919358.973245,B,4,0.8620,0.8533,1,1.5930,0.4149,0.2566
51.6328,1785919359.051872,B,4,0.8394,0.7867,1,1.4884,0.3913,0.2645
51.7122,1785919359.131421,B,4,0.8256,0.7933,1,1.4992,0.4154,0.2462
51.7901,1785919359.209260,B,4,0.8339,0.8533,1,1.5709,0.4277,0.2381
51.8702,1785919359.289379,B,4,0.8227,0.7967,1,1.5206,0.4152,0.2495
51.9479,1785919359.366829,B,4,0.8259,0.8333,1,1.5804,0.4113,0.2586
52.0281,1785919359.447448,B,4,0.8621,0.9467,1,1.7281,0.4535,0.2261
52.1060,1785919359.524811,B,4,0.8935,0.9667,1,1.7222,0.4243,0.2341
52.1839,1785919359.603153,B,4,0.9204,0.9833,1,1.7812,0.4299,0.2272
52.2627,1785919359.682137,B,4,0.9403,0.9867,1,1.8358,0.4557,0.2200
52.3412,1785919359.760540,B,4,0.9502,0.9733,1,1.8002,0.4405,0.2313
52.4212,1785919359.840202,B,4,0.9322,0.8900,1,1.6493,0.3822,0.2763
52.4994,1785919359.918658,B,4,0.8975,0.8167,1,1.5983,0.4130,0.2611
52.5790,1785919359.997980,B,4,0.8713,0.8100,1,1.5738,0.4150,0.2532
52.6571,1785919360.076226,B,4,0.8619,0.8400,1,1.5796,0.4357,0.2272
52.7373,1785919360.156630,B,4,0.8153,0.7067,1,1.4912,0.4143,0.2599
52.8142,1785919360.233490,B,4,0.7897,0.7300,1,1.4911,0.4168,0.2520
52.8917,1785919360.311414,B,4,0.8028,0.8333,1,1.5851,0.4416,0.2310
52.9718,1785919360.391088,B,4,0.7630,0.6700,1,1.4905,0.3981,0.2837
53.0496,1785919360.468487,B,4,0.7661,0.7733,1,1.5645,0.3998,0.2730
53.1260,1785919360.545764,B,4,0.7703,0.7800,1,1.5612,0.3748,0.2871
53.2027,1785919360.621885,B,4,0.7972,0.8600,1,1.6508,0.3861,0.2827
53.2808,1785919360.699585,B,4,0.8190,0.8700,1,1.6568,0.3880,0.2815
53.3567,1785919360.775759,B,4,0.8463,0.9100,1,1.6920,0.4135,0.2604
53.4356,1785919360.854696,B,4,0.8574,0.8833,1,1.6924,0.4215,0.2637
53.5145,1785919360.933375,B,4,0.8382,0.7933,1,1.5746,0.3939,0.2687
53.5939,1785919361.012787,B,4,0.7937,0.6900,1,1.4907,0.3931,0.2739
53.6709,1785919361.090180,B,4,0.7366,0.6033,1,1.3773,0.3507,0.3020
53.7506,1785919361.169585,B,4,0.6726,0.5233,0,1.3588,0.3648,0.3056
53.8277,1785919361.246736,B,4,0.6368,0.5533,0,1.3643,0.3735,0.2947
53.9079,1785919361.327332,B,4,0.6328,0.6233,0,1.4004,0.3620,0.2921
53.9860,1785919361.404842,B,4,0.6360,0.6433,0,1.4513,0.3546,0.3002
54.0619,1785919361.481113,B,4,0.6702,0.7500,0,1.5691,0.3903,0.2827
54.1392,1785919361.558346,B,4,0.6951,0.7533,0,1.5741,0.3768,0.2935
54.2186,1785919361.637743,B,4,0.7026,0.7200,1,1.5547,0.3477,0.3192
54.2958,1785919361.714729,B,4,0.7588,0.8900,1,1.6739,0.3884,0.2810
54.3759,1785919361.794849,B,4,0.7452,0.7133,1,1.5347,0.3418,0.3165
54.4530,1785919361.872160,B,4,0.7116,0.6333,1,1.4627,0.3285,0.3226
54.5322,1785919361.951038,B,4,0.6941,0.6533,0,1.4828,0.3540,0.3044
54.6097,1785919362.028704,B,4,0.6449,0.5300,0,1.3758,0.3547,0.3112
54.6899,1785919362.109364,B,4,0.6114,0.5333,0,1.3732,0.3645,0.2999
54.7677,1785919362.186542,B,4,0.5980,0.5667,0,1.3805,0.3718,0.2885
54.8481,1785919362.267306,B,4,0.5746,0.5200,0,1.3622,0.3772,0.2894
54.9258,1785919362.344945,B,4,0.5962,0.6467,0,1.4622,0.3839,0.2767
55.0019,1785919362.420985,B,4,0.6214,0.6800,0,1.4915,0.3790,0.2824
55.0799,1785919362.499040,B,4,0.6089,0.5800,0,1.4264,0.3278,0.3339
55.1584,1785919362.577926,B,4,0.6633,0.7900,0,1.5919,0.3609,0.2988
55.2368,1785919362.655817,B,4,0.7243,0.8667,1,1.6419,0.3763,0.2810
55.3150,1785919362.734092,B,4,0.8020,0.9833,1,1.8277,0.4352,0.2343
55.3951,1785919362.814344,B,4,0.8024,0.8033,1,1.6006,0.3784,0.2867
55.4731,1785919362.892079,B,4,0.7657,0.6800,1,1.5434,0.3694,0.3073
55.5523,1785919362.971243,B,4,0.7790,0.8100,1,1.5717,0.4064,0.2510
55.6304,1785919363.049640,B,4,0.7143,0.5633,1,1.4370,0.3829,0.2922
55.7088,1785919363.127910,B,4,0.6550,0.5167,0,1.3992,0.3750,0.2939
55.7874,1785919363.206642,B,4,0.5845,0.4200,0,1.3132,0.3555,0.3142
55.8663,1785919363.285634,B,4,0.5841,0.5833,0,1.4649,0.4129,0.2689
55.9447,1785919363.363932,B,4,0.6559,0.8233,0,1.5940,0.4290,0.2341
56.0227,1785919363.441652,B,4,0.7371,0.9267,1,1.6858,0.4447,0.2251
56.1024,1785919363.521953,B,4,0.7870,0.9033,1,1.6675,0.4093,0.2523
56.1803,1785919363.599587,B,4,0.8179,0.8900,1,1.6733,0.4036,0.2634
56.2606,1785919363.680115,B,4,0.8585,0.9533,1,1.7491,0.4210,0.2459
56.3384,1785919363.757679,B,4,0.8770,0.9200,1,1.6929,0.4082,0.2572
56.4185,1785919363.837434,B,4,0.9119,0.9933,1,1.8911,0.4868,0.1993
56.4964,1785919363.915411,B,4,0.8633,0.7500,1,1.6109,0.4108,0.2684
56.5745,1785919363.993841,B,4,0.8393,0.7833,1,1.5875,0.4163,0.2507
56.6525,1785919364.071717,B,4,0.7845,0.6567,1,1.4959,0.4023,0.2568
56.7305,1785919364.149464,B,4,0.7512,0.6733,1,1.5062,0.4138,0.2456
56.8107,1785919364.230109,B,4,0.7648,0.7967,1,1.6116,0.4537,0.2224
56.8888,1785919364.307763,B,4,0.7204,0.6167,1,1.4797,0.4064,0.2574
56.9686,1785919364.387704,B,4,0.7403,0.7867,1,1.6086,0.4331,0.2442
57.0464,1785919364.465724,B,4,0.7492,0.7700,1,1.5981,0.4092,0.2611
57.1266,1785919364.545587,B,4,0.8004,0.9200,1,1.7088,0.4192,0.2498
57.2044,1785919364.623815,B,4,0.8383,0.9267,1,1.7360,0.4130,0.2582
57.2816,1785919364.701163,B,4,0.8738,0.9567,1,1.7858,0.4365,0.2382
57.3605,1785919364.779547,B,4,0.8587,0.8233,1,1.6412,0.3831,0.2788
57.4387,1785919364.857565,B,4,0.8551,0.8467,1,1.6612,0.4076,0.2618
57.5187,1785919364.938191,B,4,0.8255,0.7567,1,1.6050,0.4063,0.2654
57.5966,1785919365.015976,B,4,0.7769,0.6633,1,1.5375,0.4005,0.2639
57.6763,1785919365.095355,B,4,0.7328,0.6300,1,1.5011,0.4037,0.2566
57.7551,1785919365.174634,B,4,0.6620,0.4967,0,1.3973,0.3828,0.2816
57.8324,1785919365.251355,B,4,0.6154,0.5067,0,1.3949,0.3786,0.2819
57.9103,1785919365.329883,B,4,0.5578,0.4233,0,1.3452,0.3522,0.3091
57.9867,1785919365.406053,B,4,0.5294,0.4633,0,1.4033,0.3589,0.3106
58.0483,1785919365.467277,B,4,0.5556,0.6167,0,1.5170,0.3735,0.2963
58.1265,1785919365.545975,B,4,0.5529,0.5467,0,1.4992,0.3492,0.3234
58.2044,1785919365.623342,B,4,0.5490,0.5400,0,1.4717,0.3221,0.3399
58.2827,1785919365.702108,B,4,0.5483,0.5467,0,1.4868,0.3096,0.3531
58.3620,1785919365.781426,B,4,0.5348,0.5033,0,1.4648,0.3167,0.3587
58.4408,1785919365.859780,B,4,0.5374,0.5433,0,1.4545,0.3239,0.3328
58.5200,1785919365.939041,B,4,0.5172,0.4700,0,1.3980,0.3234,0.3354
58.5979,1785919366.017002,B,4,0.4480,0.2867,0,1.2058,0.2723,0.3898
58.6778,1785919366.096762,B,4,0.4016,0.2933,0,1.2221,0.3168,0.3589
58.7558,1785919366.174765,B,4,0.3581,0.2567,0,1.1690,0.2895,0.3794
58.8351,1785919366.254532,B,4,0.3437,0.3100,0,1.2192,0.3135,0.3574
58.9119,1785919366.330700,B,4,0.3266,0.2867,0,1.2168,0.2926,0.3827
58.9911,1785919366.410045,B,4,0.3086,0.2667,0,1.2179,0.2678,0.4099
59.0691,1785919366.488273,B,4,0.2990,0.2767,0,1.2467,0.2403,0.4397
59.1467,1785919366.565741,B,4,0.2833,0.2467,0,1.2756,0.2094,0.4868
59.2259,1785919366.645101,B,4,0.2963,0.3267,0,1.3355,0.2327,0.4604
59.3042,1785919366.723244,B,4,0.3324,0.4167,0,1.3747,0.2628,0.4128
59.3811,1785919366.800423,B,4,0.3307,0.3267,0,1.3122,0.2421,0.4474
59.4590,1785919366.878238,B,4,0.2955,0.2133,0,1.2386,0.2356,0.4696
59.5370,1785919366.956260,B,4,0.2548,0.1600,0,1.1581,0.2148,0.4833
59.6148,1785919367.033718,B,4,0.2714,0.3100,0,1.2492,0.2915,0.3921
59.6918,1785919367.110699,B,4,0.1990,0.0300,0,1.0453,0.2046,0.4992
59.7710,1785919367.190356,B,4,0.1713,0.1067,0,1.0427,0.2318,0.4496
59.8468,1785919367.266175,B,4,0.1719,0.1733,0,1.1145,0.2571,0.4321
59.9245,1785919367.343287,B,4,0.1853,0.2167,0,1.1430,0.2596,0.4246
60.0031,1785919367.422136,B,4,0.1837,0.1800,0,1.1583,0.2214,0.4744
60.0810,1785919367.500266,B,4,0.2106,0.2733,0,1.2382,0.2396,0.4485
60.1607,1785919367.579610,B,4,0.2144,0.2233,0,1.2402,0.2135,0.4960
60.2397,1785919367.658749,B,4,0.2491,0.3300,0,1.2990,0.2107,0.4750
60.3171,1785919367.736690,B,4,0.2774,0.3433,0,1.3007,0.2176,0.4674
