t_session_sec,abs_ts,phase_rec,trial_idx_rec,attention_rec,attention_pct_rec,attention_window_open_rec,theta_power_rec,smr_power_rec,beta1_power_rec
0.1974,1785919016.618452,A,1,0.5000,0.5000,0,0.2200,1.0061,0.5217
0.3981,1785919016.816796,A,1,0.5000,0.5000,0,0.1899,1.1247,0.5911
0.4935,1785919016.911163,A,1,0.5000,0.5000,0,0.1872,1.1312,0.5916
0.5874,1785919017.005046,A,1,0.5000,0.5000,0,0.1855,1.1647,0.6209
0.6645,1785919017.086499,A,1,0.5000,0.5000,0,0.2081,1.0697,0.5469
0.7573,1785919017.174772,A,1,0.5000,0.5000,0,0.1945,1.0674,0.5535
0.8378,1785919017.255384,A,1,0.5000,0.5000,0,0.1763,1.1602,0.6113
0.9163,1785919017.333127,A,1,0.5000,0.5000,0,0.1816,1.1592,0.6033
0.9954,1785919017.412272,A,1,0.5000,0.5000,0,0.1904,1.1471,0.5956
1.0735,1785919017.490544,A,1,0.5000,0.5000,0,0.1660,1.2604,0.6262
1.1534,1785919017.570510,A,1,0.5000,0.5000,0,0.1739,1.2400,0.6174
1.2303,1785919017.647204,A,1,0.5000,0.5000,0,0.1572,1.2579,0.6389
1.3077,1785919017.724699,A,1,0.5000,0.5000,0,0.1786,1.2057,0.6228
1.3876,1785919017.804467,A,1,0.5000,0.5000,0,0.1874,1.1329,0.5884
1.4666,1785919017.883678,A,1,0.5000,0.5000,0,0.1513,1.2730,0.6423
1.5457,1785919017.962849,A,1,0.5000,0.5000,0,0.1577,1.2660,0.6448
1.6237,1785919018.040617,A,1,0.5000,0.5000,0,0.1434,1.3213,0.6881
1.7037,1785919018.120552,A,1,0.5000,0.5000,0,0.1625,1.2777,0.6474
1.7830,1785919018.200929,A,1,0.5000,0.5000,0,0.1699,1.2035,0.6169
1.8595,1785919018.276413,A,1,0.5000,0.5000,0,0.1701,1.2261,0.6260
1.9377,1785919018.355017,A,1,0.5000,0.5000,0,0.1570,1.2844,0.6512
2.0168,1785919018.433889,A,1,0.5000,0.5000,0,0.1591,1.2901,0.6394
2.0948,1785919018.511845,A,1,0.5000,0.5000,0,0.1465,1.3442,0.6735
2.1738,1785919018.590741,A,1,0.5000,0.5000,0,0.1645,1.2536,0.6169
2.2537,1785919018.670641,A,1,0.5000,0.5000,0,0.1744,1.1949,0.6111
2.3319,1785919018.748760,A,1,0.5000,0.5000,0,0.1621,1.2537,0.6451
2.4101,1785919018.827204,A,1,0.5000,0.5000,0,0.1858,1.1781,0.6021
2.4899,1785919018.906869,A,1,0.5000,0.5000,0,0.1902,1.1316,0.5836
2.5679,1785919018.985030,A,1,0.5000,0.5000,0,0.1821,1.1523,0.5983
2.6479,1785919019.065115,A,1,0.3700,0.0667,0,0.2065,1.0127,0.5319
2.7259,1785919019.142978,A,1,0.4235,0.5484,0,0.1713,1.2170,0.6151
2.8027,1785919019.219999,A,1,0.3433,0.1562,0,0.1919,1.0917,0.5673
2.8830,1785919019.300146,A,1,0.2494,0.0303,0,0.2220,0.9808,0.5250
2.9607,1785919019.377848,A,1,0.2805,0.3529,0,0.1851,1.1436,0.5920
3.0388,1785919019.456271,A,1,0.2392,0.1429,0,0.2022,1.0561,0.5406
3.1189,1785919019.536047,A,1,0.3258,0.5278,0,0.1749,1.1668,0.6214
3.1970,1785919019.614142,A,1,0.2524,0.0811,0,0.2156,0.9999,0.5325
3.2753,1785919019.692241,A,1,0.1845,0.0263,0,0.2250,0.9689,0.5079
3.3541,1785919019.771579,A,1,0.1523,0.0769,0,0.2202,1.0070,0.5096
3.4328,1785919019.849656,A,1,0.1141,0.0250,0,0.2372,0.9442,0.5055
3.5107,1785919019.927788,A,1,0.0872,0.0244,0,0.2356,0.9021,0.4956
3.5907,1785919020.007976,A,1,0.0682,0.0238,0,0.2659,0.8281,0.4441
3.6689,1785919020.085975,A,1,0.0617,0.0465,0,0.2588,0.8351,0.4626
3.7468,1785919020.164229,A,1,0.0500,0.0227,0,0.2698,0.8206,0.4365
3.8271,1785919020.244893,A,1,0.0417,0.0222,0,0.2840,0.8148,0.4442
3.9052,1785919020.322127,A,1,0.0357,0.0217,0,0.2876,0.7935,0.4363
3.9851,1785919020.402141,A,1,0.0314,0.0213,0,0.2986,0.7584,0.4094
4.0630,1785919020.479918,A,1,0.0282,0.0208,0,0.3125,0.7460,0.4163
4.1411,1785919020.558210,A,1,0.0381,0.0612,0,0.2863,0.7644,0.4073
4.2191,1785919020.636153,A,1,0.0447,0.0600,0,0.2961,0.7547,0.3999
4.2994,1785919020.716275,A,1,0.0842,0.1765,0,0.2639,0.8452,0.4640
4.3789,1785919020.796216,A,1,0.0647,0.0192,0,0.3169,0.6556,0.3667
4.4566,1785919020.873501,A,1,0.0906,0.1509,0,0.2750,0.7963,0.4334
4.5368,1785919020.954136,A,1,0.0690,0.0185,0,0.3302,0.6853,0.3711
4.6150,1785919021.032194,A,1,0.0646,0.0545,0,0.3157,0.7145,0.3846
4.6949,1785919021.111836,A,1,0.0720,0.0893,0,0.3020,0.7140,0.3891
4.7727,1785919021.189626,A,1,0.0820,0.1053,0,0.2972,0.7080,0.3979
4.8508,1785919021.268261,A,1,0.0626,0.0172,0,0.3279,0.6185,0.3491
4.9309,1785919021.347782,A,1,0.0540,0.0339,0,0.3324,0.6689,0.3571
5.0091,1785919021.426447,A,1,0.0428,0.0167,0,0.3477,0.6232,0.3331
5.1027,1785919021.520145,B,1,0.0398,0.0328,0,0.3435,0.6250,0.3524
5.1988,1785919021.616226,B,1,0.0569,0.0968,0,0.3265,0.6566,0.3764
5.2766,1785919021.693720,B,1,0.0446,0.0159,0,0.3559,0.5831,0.3176
5.3547,1785919021.772195,B,1,0.0406,0.0312,0,0.3520,0.6283,0.3385
5.4337,1785919021.850885,B,1,0.0515,0.0769,0,0.3382,0.6393,0.3574
5.5107,1785919021.927643,B,1,0.0815,0.1515,0,0.3233,0.6807,0.3726
5.5887,1785919022.005542,B,1,0.0615,0.0149,0,0.3590,0.5869,0.3292
5.6666,1785919022.083990,B,1,0.0475,0.0147,0,0.3898,0.5112,0.2983
5.7465,1785919022.163524,B,1,0.0419,0.0290,0,0.3725,0.5689,0.3138
5.8227,1785919022.240156,B,1,0.0636,0.1143,0,0.3381,0.6287,0.3505
5.9017,1785919022.318665,B,1,0.0741,0.0986,0,0.3417,0.6228,0.3444
5.9787,1785919022.395819,B,1,0.0894,0.1250,0,0.3394,0.6328,0.3508
6.0587,1785919022.475618,B,1,0.0996,0.1233,0,0.3398,0.6284,0.3357
6.1344,1785919022.551332,B,1,0.1710,0.3378,0,0.2878,0.7299,0.3912
6.2104,1785919022.627493,B,1,0.1877,0.2267,0,0.3211,0.6675,0.3643
6.2884,1785919022.705697,B,1,0.1433,0.0395,0,0.3696,0.5675,0.3148
6.3664,1785919022.783253,B,1,0.1860,0.2857,0,0.3083,0.7369,0.3953
6.4455,1785919022.862629,B,1,0.1456,0.0513,0,0.3619,0.5778,0.3289
6.5243,1785919022.941273,B,1,0.1665,0.2152,0,0.3290,0.6556,0.3643
6.6024,1785919023.019388,B,1,0.1840,0.2250,0,0.3268,0.6634,0.3519
6.6803,1785919023.097520,B,1,0.1547,0.0864,0,0.3583,0.6024,0.3242
6.7604,1785919023.177284,B,1,0.1961,0.2927,0,0.3214,0.6739,0.3761
6.8375,1785919023.254476,B,1,0.1987,0.2048,0,0.3334,0.6602,0.3616
6.9164,1785919023.333496,B,1,0.2070,0.2262,0,0.3330,0.6638,0.3754
6.9958,1785919023.412697,B,1,0.2437,0.3294,0,0.3214,0.6872,0.3763
7.0749,1785919023.492040,B,1,0.2543,0.2791,0,0.3232,0.6554,0.3704
7.1519,1785919023.568725,B,1,0.2539,0.2529,0,0.3282,0.6563,0.3697
7.2320,1785919023.649200,B,1,0.2834,0.3523,0,0.3235,0.6864,0.3914
7.3100,1785919023.727080,B,1,0.2624,0.2135,0,0.3283,0.6444,0.3598
7.3899,1785919023.807045,B,1,0.2970,0.3778,0,0.3093,0.6838,0.3755
7.4679,1785919023.884786,B,1,0.2969,0.2967,0,0.3265,0.6809,0.3738
7.5460,1785919023.962977,B,1,0.2600,0.1739,0,0.3357,0.6455,0.3630
7.6259,1785919024.042865,B,1,0.3014,0.3978,0,0.3000,0.6847,0.3816
7.7042,1785919024.121477,B,1,0.3418,0.4362,0,0.3058,0.7414,0.3945
7.7840,1785919024.200948,B,1,0.2708,0.1053,0,0.3483,0.6542,0.3485
7.8621,1785919024.278978,B,1,0.1958,0.0208,0,0.3691,0.5600,0.3013
7.9421,1785919024.359244,B,1,0.2577,0.4021,0,0.3080,0.7245,0.3937
8.0200,1785919024.437053,B,1,0.1957,0.0510,0,0.3667,0.5727,0.3308
8.0980,1785919024.514885,B,1,0.2127,0.2525,0,0.3286,0.6502,0.3620
8.1780,1785919024.594889,B,1,0.1759,0.0900,0,0.3584,0.5917,0.3254
8.2561,1785919024.673147,B,1,0.1291,0.0198,0,0.3741,0.5419,0.3033
8.3360,1785919024.753209,B,1,0.1257,0.1176,0,0.3537,0.5803,0.3280
8.4140,1785919024.831041,B,1,0.0909,0.0097,0,0.4169,0.4862,0.2689
8.4941,1785919024.911422,B,1,0.0694,0.0192,0,0.3986,0.4923,0.2658
8.5719,1785919024.988802,B,1,0.0629,0.0476,0,0.3772,0.5770,0.3265
8.6519,1785919025.068845,B,1,0.0525,0.0283,0,0.3963,0.5353,0.2935
8.7280,1785919025.145252,B,1,0.0676,0.1028,0,0.3664,0.5882,0.3291
8.8080,1785919025.225238,B,1,0.0501,0.0093,0,0.4204,0.4557,0.2670
8.8839,1785919025.300855,B,1,0.0571,0.0734,0,0.3708,0.5476,0.3156
8.9618,1785919025.378811,B,1,0.0563,0.0545,0,0.3737,0.5481,0.2959
9.0396,1785919025.456649,B,1,0.0475,0.0270,0,0.4112,0.4644,0.2666
9.1195,1785919025.536545,B,1,0.0360,0.0089,0,0.4404,0.4239,0.2557
9.1976,1785919025.614594,B,1,0.0305,0.0177,0,0.4252,0.4468,0.2628
9.2751,1785919025.692095,B,1,0.0371,0.0526,0,0.4040,0.4798,0.2698
9.3551,1785919025.772157,B,1,0.0495,0.0783,0,0.3928,0.5175,0.2875
9.4330,1785919025.849851,B,1,0.0708,0.1207,0,0.3720,0.5621,0.3103
9.5130,1785919025.929896,B,1,0.0547,0.0171,0,0.4245,0.4464,0.2493
9.5899,1785919026.006839,B,1,0.0434,0.0169,0,0.4292,0.4370,0.2536
9.6689,1785919026.085785,B,1,0.0556,0.0840,0,0.3919,0.4934,0.2755
9.7489,1785919026.165851,B,1,0.0439,0.0167,0,0.4370,0.4433,0.2609
9.8269,1785919026.243855,B,1,0.0332,0.0083,0,0.4502,0.4082,0.2332
9.9069,1785919026.323803,B,1,0.0257,0.0082,0,0.4599,0.4025,0.2284
9.9829,1785919026.399802,B,1,0.0253,0.0244,0,0.4495,0.4039,0.2459
10.0619,1785919026.478834,B,1,0.0274,0.0323,0,0.4463,0.4085,0.2430
10.1411,1785919026.558031,B,1,0.0336,0.0480,0,0.4383,0.4313,0.2504
10.2191,1785919026.636053,B,1,0.0283,0.0159,0,0.4534,0.4067,0.2376
10.2991,1785919026.716041,B,1,0.0221,0.0079,0,0.4594,0.3792,0.2286
10.3767,1785919026.793750,B,1,0.0225,0.0234,0,0.4548,0.3856,0.2205
10.4557,1785919026.872780,B,1,0.0507,0.1163,0,0.4168,0.4673,0.2564
10.5338,1785919026.950894,B,1,0.0608,0.0846,0,0.4321,0.4469,0.2549
10.6138,1785919027.030727,B,1,0.0472,0.0153,0,0.4610,0.3908,0.2322
10.6918,1785919027.109190,B,1,0.0535,0.0682,0,0.4446,0.4269,0.2480
10.7707,1785919027.187616,B,1,0.0600,0.0752,0,0.4428,0.4295,0.2506
10.8506,1785919027.267766,B,1,0.0577,0.0522,0,0.4509,0.4154,0.2423
10.9287,1785919027.345682,B,1,0.0470,0.0222,0,0.4618,0.4000,0.2353
11.0068,1785919027.423950,B,1,0.0726,0.1324,0,0.4284,0.4543,0.2573
11.0846,1785919027.501760,B,1,0.1122,0.2044,0,0.3982,0.5125,0.2972
11.1646,1785919027.581594,B,1,0.1285,0.1667,0,0.4182,0.4705,0.2655
11.2426,1785919027.659558,B,1,0.1245,0.1151,0,0.4344,0.4354,0.2526
11.3227,1785919027.740103,B,1,0.1750,0.2929,0,0.3703,0.5665,0.3171
11.4006,1785919027.817829,B,1,0.1927,0.2340,0,0.3908,0.5222,0.2964
11.4806,1785919027.897632,B,1,0.1962,0.2042,0,0.4045,0.5219,0.2866
11.5577,1785919027.974661,B,1,0.2506,0.3776,0,0.3487,0.5993,0.3465
11.6357,1785919028.052854,B,1,0.2754,0.3333,0,0.3660,0.6079,0.3345
11.7153,1785919028.132229,B,1,0.2900,0.3241,0,0.3664,0.5921,0.3285
11.7935,1785919028.210381,B,1,0.3017,0.3288,0,0.3616,0.5883,0.3210
11.8716,1785919028.288474,B,1,0.3540,0.4762,0,0.3312,0.6546,0.3605
11.9515,1785919028.368403,B,1,0.3512,0.3446,0,0.3614,0.5816,0.3273
12.0295,1785919028.446445,B,1,0.3505,0.3490,0,0.3583,0.5779,0.3215
12.1085,1785919028.525470,B,1,0.3914,0.4867,0,0.3265,0.6345,0.3518
12.1861,1785919028.603053,B,1,0.4071,0.4437,0,0.3391,0.6579,0.3503
12.2661,1785919028.682953,B,1,0.4803,0.6513,0,0.3038,0.7541,0.4026
12.3431,1785919028.759942,B,1,0.5186,0.6078,0,0.3108,0.7172,0.4032
12.4221,1785919028.839388,B,1,0.5461,0.6104,0,0.3037,0.7004,0.3854
12.5010,1785919028.917931,B,1,0.5778,0.6516,0,0.3019,0.7264,0.3947
12.5792,1785919028.996092,B,1,0.6121,0.6923,0,0.2867,0.7828,0.4176
12.6574,1785919029.074308,B,1,0.6062,0.5924,0,0.3170,0.7252,0.3954
12.7374,1785919029.154329,B,1,0.6180,0.6456,0,0.3036,0.7250,0.3949
12.8155,1785919029.232327,B,1,0.6534,0.7358,0,0.2598,0.8383,0.4547
12.8934,1785919029.310353,B,1,0.6561,0.6625,0,0.2974,0.7365,0.3923
12.9875,1785919029.404411,B,1,0.6698,0.7019,0,0.2836,0.7899,0.4342
13.0665,1785919029.483439,B,1,0.6800,0.7037,0,0.2793,0.7857,0.4210
13.1454,1785919029.562336,B,1,0.6950,0.7301,0,0.2639,0.8206,0.4504
13.2248,1785919029.642599,B,1,0.7115,0.7500,1,0.2550,0.8737,0.4801
13.3029,1785919029.720034,B,1,0.7217,0.7455,1,0.2569,0.8828,0.4591
13.3824,1785919029.799457,B,1,0.7166,0.7048,1,0.2718,0.8263,0.4391
13.4603,1785919029.877187,B,1,0.7208,0.7305,1,0.2607,0.8470,0.4536
13.5408,1785919029.957882,B,1,0.7313,0.7560,1,0.2477,0.8730,0.4719
13.6177,1785919030.034679,B,1,0.7356,0.7456,1,0.2552,0.8723,0.4612
13.6966,1785919030.113463,B,1,0.7355,0.7353,1,0.2555,0.8614,0.4525
13.7737,1785919030.190621,B,1,0.7008,0.6199,1,0.2982,0.7370,0.3950
13.8515,1785919030.268606,B,1,0.7243,0.7791,1,0.2209,0.9581,0.4983
13.9295,1785919030.346423,B,1,0.7394,0.7746,1,0.2250,0.9561,0.5184
14.0084,1785919030.425349,B,1,0.7331,0.7184,1,0.2599,0.8349,0.4649
14.0848,1785919030.501715,B,1,0.7429,0.7657,1,0.2324,0.9354,0.4987
14.1487,1785919030.565618,B,1,0.7280,0.6932,1,0.2636,0.8401,0.4448
14.2248,1785919030.641743,B,1,0.7265,0.7232,1,0.2643,0.8751,0.4749
14.3038,1785919030.720705,B,1,0.7344,0.7528,1,0.2467,0.8972,0.4707
14.3818,1785919030.798670,B,1,0.7001,0.6201,1,0.2906,0.7502,0.4134
14.4606,1785919030.877546,B,1,0.6884,0.6611,0,0.2699,0.7862,0.4379
14.5368,1785919030.953656,B,1,0.6858,0.6796,0,0.2682,0.8583,0.4416
14.6166,1785919031.033456,B,1,0.7075,0.7582,1,0.2431,0.9059,0.4966
14.6958,1785919031.112755,B,1,0.7215,0.7541,1,0.2432,0.8871,0.4633
14.7579,1785919031.174818,B,1,0.7203,0.7174,1,0.2585,0.8640,0.4608
14.8358,1785919031.252743,B,1,0.7020,0.6595,1,0.2701,0.8331,0.4565
14.9163,1785919031.333155,B,1,0.6946,0.6774,0,0.2637,0.8415,0.4423
14.9931,1785919031.410031,B,1,0.6691,0.6096,0,0.2838,0.7768,0.4155
15.0712,1785919031.488118,B,1,0.6726,0.6809,0,0.2645,0.8341,0.4502
15.1652,1785919031.582108,A,2,0.6836,0.7090,0,0.2633,0.8627,0.4682
15.2426,1785919031.659673,A,2,0.6743,0.6526,0,0.2667,0.8378,0.4426
15.3229,1785919031.740082,A,2,0.6605,0.6283,0,0.2743,0.8181,0.4360
15.4009,1785919031.818276,A,2,0.6342,0.5729,0,0.2952,0.7603,0.3974
15.4807,1785919031.897628,A,2,0.6320,0.6269,0,0.2772,0.8270,0.4313
15.5600,1785919031.977401,A,2,0.6141,0.5722,0,0.2958,0.7511,0.4098
15.6369,1785919032.053713,A,2,0.6160,0.6205,0,0.2809,0.8209,0.4481
15.7159,1785919032.132978,A,2,0.6684,0.7908,0,0.2341,0.9488,0.5151
15.7939,1785919032.211105,A,2,0.6750,0.6904,0,0.2719,0.8757,0.4708
15.8739,1785919032.290885,A,2,0.7058,0.7778,1,0.2370,0.9278,0.4934
15.9509,1785919032.367837,A,2,0.7006,0.6884,1,0.2629,0.8378,0.4475
16.0310,1785919032.448319,A,2,0.7259,0.7850,1,0.2329,0.9432,0.4958
16.1099,1785919032.527127,A,2,0.7574,0.8308,1,0.2158,1.0231,0.5322
16.1890,1785919032.606250,A,2,0.7515,0.7376,1,0.2541,0.8799,0.4523
16.2667,1785919032.683648,A,2,0.7536,0.7586,1,0.2446,0.9378,0.4815
16.3471,1785919032.763998,A,2,0.7584,0.7696,1,0.2347,0.8976,0.4958
16.4252,1785919032.842489,A,2,0.7738,0.8098,1,0.2253,0.9614,0.5257
16.5051,1785919032.922189,A,2,0.7732,0.7718,1,0.2434,0.9640,0.5095
16.5830,1785919033.000169,A,2,0.7847,0.8116,1,0.2215,0.9802,0.5060
16.6621,1785919033.078943,A,2,0.7859,0.7885,1,0.2292,0.9653,0.4980
16.7394,1785919033.156585,A,2,0.7970,0.8230,1,0.2223,1.0070,0.5210
16.8192,1785919033.236518,A,2,0.8093,0.8381,1,0.2145,1.0358,0.5356
16.8973,1785919033.314453,A,2,0.8168,0.8341,1,0.2142,1.0230,0.5352
16.9773,1785919033.394301,A,2,0.8109,0.7972,1,0.2243,0.9683,0.5193
17.0554,1785919033.472345,A,2,0.8296,0.8732,1,0.1852,1.1129,0.5795
17.1357,1785919033.552755,A,2,0.8316,0.8364,1,0.2128,1.0497,0.5358
17.2135,1785919033.630617,A,2,0.8389,0.8558,1,0.1945,1.0941,0.5638
17.2936,1785919033.710895,A,2,0.8428,0.8519,1,0.1969,1.0864,0.5687
17.3715,1785919033.788368,A,2,0.8747,0.9493,1,0.1659,1.2204,0.6144
17.4494,1785919033.866524,A,2,0.8518,0.7982,1,0.2192,0.9871,0.5211
17.5274,1785919033.944664,A,2,0.8798,0.9452,1,0.1702,1.2258,0.6283
17.6074,1785919034.024208,A,2,0.9131,0.9909,1,0.1504,1.2896,0.6646
17.6855,1785919034.103055,A,2,0.8958,0.8552,1,0.1898,1.1319,0.5841
17.7636,1785919034.181039,A,2,0.9014,0.9144,1,0.1747,1.1932,0.6129
17.8414,1785919034.258388,A,2,0.9108,0.9327,1,0.1697,1.2194,0.6171
17.9206,1785919034.337443,A,2,0.9335,0.9866,1,0.1531,1.2921,0.6568
17.9998,1785919034.416906,A,2,0.9215,0.8933,1,0.1796,1.2051,0.6204
18.0777,1785919034.494945,A,2,0.9424,0.9912,1,0.1514,1.3082,0.6728
18.1581,1785919034.575432,A,2,0.9517,0.9736,1,0.1587,1.2994,0.6540
18.2366,1785919034.653680,A,2,0.9662,1,1,0.1411,1.3397,0.6757
18.3154,1785919034.732271,A,2,0.9226,0.8210,1,0.1940,1.1387,0.5887
18.3937,1785919034.810917,A,2,0.9054,0.8652,1,0.1809,1.1447,0.6016
18.4734,1785919034.890494,A,2,0.9299,0.9870,1,0.1498,1.3502,0.6696
18.5505,1785919034.967387,A,2,0.9199,0.8966,1,0.1734,1.1990,0.6263
18.6294,1785919035.046297,A,2,0.9401,0.9871,1,0.1458,1.3238,0.6765
18.7078,1785919035.125167,A,2,0.9516,0.9786,1,0.1514,1.3393,0.6658
18.7854,1785919035.202355,A,2,0.9547,0.9617,1,0.1525,1.2709,0.6566
18.8635,1785919035.280613,A,2,0.9492,0.9364,1,0.1611,1.2698,0.6559
18.9418,1785919035.358814,A,2,0.9594,0.9831,1,0.1471,1.3310,0.6731
19.0209,1785919035.438424,A,2,0.9388,0.8908,1,0.1672,1.1890,0.6125
19.0998,1785919035.516854,A,2,0.9421,0.9498,1,0.1537,1.2792,0.6412
19.1778,1785919035.595480,A,2,0.9445,0.9500,1,0.1559,1.2561,0.6639
19.2559,1785919035.673025,A,2,0.9362,0.9170,1,0.1589,1.2583,0.6434
19.3341,1785919035.751188,A,2,0.9268,0.9050,1,0.1629,1.2707,0.6385
19.4140,1785919035.831052,A,2,0.9167,0.8930,1,0.1685,1.2439,0.6318
19.4940,1785919035.910875,A,2,0.9109,0.8975,1,0.1636,1.2350,0.6238
19.5719,1785919035.988741,A,2,0.8777,0.8000,1,0.1899,1.1570,0.5963
19.6522,1785919036.069669,A,2,0.8753,0.8699,1,0.1743,1.2309,0.6325
19.7300,1785919036.146849,A,2,0.8374,0.7490,1,0.1946,1.0696,0.5657
19.8102,1785919036.227637,A,2,0.8330,0.8226,1,0.1793,1.1670,0.6070
19.8881,1785919036.305285,A,2,0.8024,0.7309,1,0.2093,1.0283,0.5491
19.9660,1785919036.383170,A,2,0.7897,0.7600,1,0.1924,1.0844,0.5743
20.0437,1785919036.460871,A,2,0.7739,0.7371,1,0.1996,1.0416,0.5623
20.1239,1785919036.541062,A,2,0.7881,0.8214,1,0.1810,1.1543,0.6067
20.2177,1785919036.635112,B,2,0.7462,0.6482,1,0.2299,0.9566,0.4982
20.2967,1785919036.713690,B,2,0.7314,0.6969,1,0.2181,1.0297,0.5207
20.3736,1785919036.790574,B,2,0.7308,0.7294,1,0.2042,1.0514,0.5473
20.4374,1785919036.854328,B,2,0.7061,0.6484,1,0.2281,0.9600,0.5120
20.5145,1785919036.931344,B,2,0.6659,0.5720,0,0.2589,0.8881,0.4651
20.5930,1785919037.009981,B,2,0.6545,0.6279,0,0.2333,0.9359,0.4919
20.6720,1785919037.088932,B,2,0.6041,0.4865,0,0.2729,0.8146,0.4465
20.7500,1785919037.167133,B,2,0.5902,0.5577,0,0.2619,0.8731,0.4590
20.8300,1785919037.246877,B,2,0.5844,0.5709,0,0.2571,0.8515,0.4670
20.9080,1785919037.324961,B,2,0.5614,0.5076,0,0.2671,0.8460,0.4499
20.9874,1785919037.404314,B,2,0.5675,0.5817,0,0.2535,0.8628,0.4581
21.0663,1785919037.483278,B,2,0.5427,0.4848,0,0.2720,0.8121,0.4500
21.1442,1785919037.561090,B,2,0.5157,0.4528,0,0.2810,0.7937,0.4367
21.2221,1785919037.639282,B,2,0.4614,0.3346,0,0.3185,0.6761,0.3653
21.3021,1785919037.718985,B,2,0.4499,0.4232,0,0.2972,0.7729,0.4112
21.3801,1785919037.797019,B,2,0.4571,0.4739,0,0.2763,0.8291,0.4336
21.4581,1785919037.875062,B,2,0.4583,0.4610,0,0.2741,0.7795,0.4272
21.5361,1785919037.953031,B,2,0.4675,0.4889,0,0.2698,0.8106,0.4352
21.6155,1785919038.032378,B,2,0.4900,0.5424,0,0.2625,0.8453,0.4510
21.6934,1785919038.110336,B,2,0.4930,0.5000,0,0.2674,0.8176,0.4409
21.7730,1785919038.189869,B,2,0.5099,0.5495,0,0.2580,0.8370,0.4419
21.8510,1785919038.267870,B,2,0.5058,0.4964,0,0.2720,0.8193,0.4496
21.9309,1785919038.347778,B,2,0.5199,0.5527,0,0.2585,0.8286,0.4492
22.0091,1785919038.426005,B,2,0.4955,0.4384,0,0.2814,0.7689,0.4358
22.0871,1785919038.503960,B,2,0.4605,0.3791,0,0.3000,0.7313,0.3953
22.1649,1785919038.581842,B,2,0.4551,0.4424,0,0.2803,0.7853,0.4253
22.2449,1785919038.662089,B,2,0.4691,0.5018,0,0.2639,0.8243,0.4177
22.3230,1785919038.739899,B,2,0.4891,0.5357,0,0.2662,0.8207,0.4657
22.4030,1785919038.819936,B,2,0.4438,0.3381,0,0.3132,0.7064,0.3940
22.4800,1785919038.896896,B,2,0.4394,0.4291,0,0.2869,0.7927,0.4220
22.5590,1785919038.975886,B,2,0.4327,0.4170,0,0.2898,0.7617,0.4210
22.6374,1785919039.054315,B,2,0.4201,0.3908,0,0.2987,0.7477,0.3996
22.7153,1785919039.132227,B,2,0.4204,0.4211,0,0.2908,0.7742,0.4217
22.7953,1785919039.212255,B,2,0.4118,0.3916,0,0.2964,0.7377,0.3991
22.8733,1785919039.290200,B,2,0.4178,0.4321,0,0.2874,0.7921,0.4186
22.9513,1785919039.368281,B,2,0.4019,0.3646,0,0.3026,0.7336,0.3935
23.0294,1785919039.446277,B,2,0.4578,0.5882,0,0.2629,0.8636,0.4663
23.1070,1785919039.523879,B,2,0.4798,0.5310,0,0.2653,0.8401,0.4373
23.1860,1785919039.602988,B,2,0.4760,0.4674,0,0.2721,0.7713,0.4241
23.2640,1785919039.681172,B,2,0.5315,0.6610,0,0.2363,0.9254,0.4950
23.3409,1785919039.757791,B,2,0.5318,0.5324,0,0.2634,0.8191,0.4415
23.4189,1785919039.835841,B,2,0.5427,0.5680,0,0.2631,0.8493,0.4595
23.4988,1785919039.915748,B,2,0.5212,0.4712,0,0.2752,0.7990,0.4339
23.5769,1785919039.993800,B,2,0.5017,0.4561,0,0.2821,0.8140,0.4392
23.6569,1785919040.073842,B,2,0.5118,0.5354,0,0.2683,0.8400,0.4580
23.7339,1785919040.150881,B,2,0.4780,0.3993,0,0.2947,0.7560,0.4086
23.7969,1785919040.213880,B,2,0.4861,0.5050,0,0.2695,0.8189,0.4378
23.8749,1785919040.292168,B,2,0.5163,0.5867,0,0.2606,0.8306,0.4626
23.9530,1785919040.369948,B,2,0.4664,0.3500,0,0.3012,0.7181,0.3917
24.0326,1785919040.449570,B,2,0.4575,0.4367,0,0.2802,0.7566,0.4209
24.1105,1785919040.527450,B,2,0.4342,0.3800,0,0.2948,0.7274,0.3954
24.1896,1785919040.606523,B,2,0.4090,0.3500,0,0.3066,0.7404,0.4046
24.2676,1785919040.684507,B,2,0.4123,0.4200,0,0.2856,0.7570,0.4053
24.3466,1785919040.763579,B,2,0.3996,0.3700,0,0.2982,0.7325,0.3889
24.4243,1785919040.841238,B,2,0.4137,0.4467,0,0.2826,0.7954,0.4026
24.5013,1785919040.918234,B,2,0.4196,0.4333,0,0.2836,0.7651,0.4096
24.5802,1785919040.997078,B,2,0.3857,0.3067,0,0.3155,0.6857,0.3707
24.6595,1785919041.076436,B,2,0.3740,0.3467,0,0.3043,0.7412,0.3875
24.7380,1785919041.154912,B,2,0.3598,0.3267,0,0.3027,0.6986,0.3799
24.8160,1785919041.232939,B,2,0.3729,0.4033,0,0.3001,0.7479,0.4118
24.8960,1785919041.313104,B,2,0.3250,0.2133,0,0.3421,0.6343,0.3414
24.9740,1785919041.390931,B,2,0.2885,0.2033,0,0.3460,0.6218,0.3423
25.0520,1785919041.468890,B,2,0.2680,0.2200,0,0.3397,0.6273,0.3344
25.1308,1785919041.547833,B,2,0.2596,0.2400,0,0.3355,0.6412,0.3475
25.2101,1785919041.627003,B,2,0.2507,0.2300,0,0.3367,0.6135,0.3517
25.2881,1785919041.705013,B,2,0.2385,0.2100,0,0.3440,0.6202,0.3511
25.3659,1785919041.782784,B,2,0.2429,0.2533,0,0.3359,0.6544,0.3607
25.4432,1785919041.860141,B,2,0.2451,0.2500,0,0.3336,0.6373,0.3495
25.5232,1785919041.940143,B,2,0.2095,0.1267,0,0.3734,0.5498,0.3131
25.6013,1785919042.018184,B,2,0.1827,0.1200,0,0.3827,0.5360,0.3023
25.6812,1785919042.098119,B,2,0.1679,0.1333,0,0.3737,0.5513,0.3219
25.7593,1785919042.176159,B,2,0.1545,0.1233,0,0.3781,0.5347,0.3049
25.8387,1785919042.255571,B,2,0.1352,0.0900,0,0.4126,0.4832,0.2820
25.9186,1785919042.335745,B,2,0.1316,0.1233,0,0.3890,0.5089,0.2974
25.9959,1785919042.412845,B,2,0.1001,0.0267,0,0.4465,0.3889,0.2313
26.0746,1785919042.491546,B,2,0.0821,0.0400,0,0.4452,0.4017,0.2443
26.1515,1785919042.568477,B,2,0.0865,0.0967,0,0.4125,0.4721,0.2719
26.2295,1785919042.646540,B,2,0.0665,0.0200,0,0.4573,0.4078,0.2337
26.3075,1785919042.724392,B,2,0.0716,0.0833,0,0.4205,0.4557,0.2671
26.3874,1785919042.804331,B,2,0.0771,0.0900,0,0.4204,0.4576,0.2738
26.4644,1785919042.881338,B,2,0.0890,0.1167,0,0.4016,0.4860,0.2772
26.5433,1785919042.960446,B,2,0.0803,0.0600,0,0.4354,0.4339,0.2543
26.6216,1785919043.038710,B,2,0.0732,0.0567,0,0.4395,0.4231,0.2536
26.6993,1785919043.116219,B,2,0.0522,0.0033,0,0.4694,0.3910,0.2179
26.7770,1785919043.193951,B,2,0.0426,0.0200,0,0.4592,0.3947,0.2355
26.8551,1785919043.272040,B,2,0.0308,0.0033,0,0.4750,0.3919,0.2201
26.9352,1785919043.352060,B,2,0.0606,0.1300,0,0.4077,0.4803,0.2723
27.0132,1785919043.430151,B,2,0.0454,0.0100,0,0.4658,0.3812,0.2307
27.0932,1785919043.510064,B,2,0.0388,0.0233,0,0.4601,0.3900,0.2331
27.1708,1785919043.587831,B,2,0.0471,0.0667,0,0.4405,0.4175,0.2417
27.2495,1785919043.666395,B,2,0.0580,0.0833,0,0.4371,0.4351,0.2532
27.3278,1785919043.744670,B,2,0.0626,0.0733,0,0.4412,0.4320,0.2463
27.4057,1785919043.822596,B,2,0.0468,0.0100,0,0.4660,0.3873,0.2279
27.4853,1785919043.902217,B,2,0.0598,0.0900,0,0.4395,0.4434,0.2594
27.5631,1785919043.980273,B,2,0.0618,0.0667,0,0.4401,0.3945,0.2372
27.6411,1785919044.057954,B,2,0.0873,0.1467,0,0.4149,0.4624,0.2750
27.7193,1785919044.136209,B,2,0.0761,0.0500,0,0.4508,0.4121,0.2393
27.7972,1785919044.214123,B,2,0.0813,0.0933,0,0.4387,0.4249,0.2500
27.8750,1785919044.291947,B,2,0.0869,0.1000,0,0.4347,0.4118,0.2462
27.9551,1785919044.372023,B,2,0.1088,0.1600,0,0.4123,0.4701,0.2654
28.0332,1785919044.450119,B,2,0.1022,0.0867,0,0.4396,0.4185,0.2517
28.1128,1785919044.529656,B,2,0.1365,0.2167,0,0.3878,0.5127,0.2946
28.1900,1785919044.606911,B,2,0.1636,0.2267,0,0.3812,0.5399,0.3175
28.2670,1785919044.683895,B,2,0.1805,0.2200,0,0.3837,0.5266,0.2889
28.3447,1785919044.761565,B,2,0.1733,0.1567,0,0.4205,0.4694,0.2779
28.4227,1785919044.839585,B,2,0.2053,0.2800,0,0.3633,0.5725,0.3230
28.5021,1785919044.919091,B,2,0.2107,0.2233,0,0.3859,0.5216,0.3007
28.5801,1785919044.997727,B,2,0.2305,0.2767,0,0.3619,0.5632,0.3043
28.6590,1785919045.075863,B,2,0.2594,0.3267,0,0.3534,0.6160,0.3337
28.7377,1785919045.154645,B,2,0.2736,0.3067,0,0.3622,0.5828,0.3334
28.8157,1785919045.232663,B,2,0.2935,0.3400,0,0.3424,0.6125,0.3393
28.8937,1785919045.310580,B,2,0.2774,0.2400,0,0.3761,0.5341,0.3113
28.9736,1785919045.390509,B,2,0.2952,0.3367,0,0.3506,0.6249,0.3427
29.0517,1785919045.468633,B,2,0.3286,0.4067,0,0.3320,0.6728,0.3660
29.1293,1785919045.546215,B,2,0.3601,0.4333,0,0.3230,0.6577,0.3819
29.2084,1785919045.625286,B,2,0.3400,0.2933,0,0.3629,0.5813,0.3216
29.2870,1785919045.703924,B,2,0.3640,0.4200,0,0.3247,0.6597,0.3630
29.3650,1785919045.781925,B,2,0.3668,0.3733,0,0.3353,0.6153,0.3653
29.4430,1785919045.859908,B,2,0.3908,0.4467,0,0.3180,0.6630,0.3803
29.5231,1785919045.940048,B,2,0.4115,0.4600,0,0.3093,0.7171,0.3930
29.6011,1785919046.018213,B,2,0.4011,0.3767,0,0.3265,0.6229,0.3367
29.6796,1785919046.096513,B,2,0.4458,0.5500,0,0.2886,0.7375,0.4022
29.7592,1785919046.176124,B,2,0.4720,0.5333,0,0.2942,0.7379,0.3911
29.8371,1785919046.254053,B,2,0.4724,0.4733,0,0.3049,0.7156,0.3898
29.9161,1785919046.332984,B,2,0.4997,0.5633,0,0.2891,0.7724,0.4249
29.9952,1785919046.412083,B,2,0.4718,0.4067,0,0.3273,0.6606,0.3657
30.0728,1785919046.489786,B,2,0.4653,0.4500,0,0.3072,0.7105,0.3821
30.1518,1785919046.568700,B,2,0.4957,0.5667,0,0.2890,0.7894,0.4233
30.2451,1785919046.662009,A,3,0.4960,0.4967,0,0.2997,0.7317,0.3942
30.3256,1785919046.742501,A,3,0.4762,0.4300,0,0.3161,0.6765,0.3811
30.4042,1785919046.821626,A,3,0.4913,0.5267,0,0.2946,0.7273,0.4040
30.4819,1785919046.898873,A,3,0.5069,0.5433,0,0.2928,0.7634,0.4149
30.5623,1785919046.979428,A,3,0.5229,0.5600,0,0.2827,0.7564,0.4090
30.6421,1785919047.059529,A,3,0.4800,0.3800,0,0.3303,0.6647,0.3606
30.7196,1785919047.136864,A,3,0.4710,0.4500,0,0.3059,0.7259,0.3853
30.7969,1785919047.213760,A,3,0.4487,0.3967,0,0.3297,0.6957,0.3796
30.8773,1785919047.294894,A,3,0.4471,0.4433,0,0.3025,0.7065,0.3765
30.9566,1785919047.373420,A,3,0.4930,0.6000,0,0.2816,0.8168,0.4273
31.0349,1785919047.452444,A,3,0.5071,0.5400,0,0.2911,0.7704,0.4193
31.1116,1785919047.529050,A,3,0.4730,0.3933,0,0.3188,0.6464,0.3583
31.1906,1785919047.607480,A,3,0.4341,0.3433,0,0.3390,0.6293,0.3498
31.2698,1785919047.686627,A,3,0.4418,0.4600,0,0.3049,0.7413,0.3942
31.3474,1785919047.764428,A,3,0.4673,0.5267,0,0.2916,0.7557,0.3988
31.4265,1785919047.843339,A,3,0.5091,0.6067,0,0.2772,0.7948,0.4293
31.5045,1785919047.921766,A,3,0.4944,0.4600,0,0.3035,0.7350,0.3946
31.5833,1785919048.000443,A,3,0.4651,0.3967,0,0.3149,0.6571,0.3610
31.6625,1785919048.079551,A,3,0.4445,0.3967,0,0.3170,0.6751,0.3623
31.7413,1785919048.158609,A,3,0.4032,0.3067,0,0.3545,0.6232,0.3369
31.8186,1785919048.236450,A,3,0.3692,0.2900,0,0.3623,0.5848,0.3306
31.8972,1785919048.314084,A,3,0.3805,0.4067,0,0.3078,0.6809,0.3645
31.9764,1785919048.393568,A,3,0.3723,0.3533,0,0.3330,0.6492,0.3577
32.0556,1785919048.473198,A,3,0.4336,0.5767,0,0.2794,0.7602,0.4136
32.1345,1785919048.551775,A,3,0.3925,0.2967,0,0.3488,0.5891,0.3360
32.2126,1785919048.629873,A,3,0.4308,0.5200,0,0.2977,0.7719,0.4239
32.2914,1785919048.708603,A,3,0.4205,0.3967,0,0.3160,0.6955,0.3886
32.3707,1785919048.787686,A,3,0.3844,0.3000,0,0.3418,0.6018,0.3379
32.4495,1785919048.866771,A,3,0.3771,0.3600,0,0.3256,0.6741,0.3566
32.5284,1785919048.945771,A,3,0.3859,0.4067,0,0.3041,0.6817,0.3797
32.6073,1785919049.024222,A,3,0.4032,0.4433,0,0.3025,0.7282,0.3902
32.6844,1785919049.101246,A,3,0.4602,0.5933,0,0.2784,0.7953,0.4230
32.7626,1785919049.179869,A,3,0.5161,0.6467,0,0.2727,0.8305,0.4443
32.8404,1785919049.257378,A,3,0.4983,0.4567,0,0.2990,0.7247,0.3945
32.9185,1785919049.335610,A,3,0.5038,0.5167,0,0.2941,0.7791,0.4067
32.9962,1785919049.413208,A,3,0.5717,0.7300,0,0.2621,0.8519,0.4652
33.0743,1785919049.491938,A,3,0.6042,0.6800,0,0.2631,0.8180,0.4457
33.1543,1785919049.571211,A,3,0.6559,0.7767,0,0.2513,0.8796,0.4746
33.2334,1785919049.650475,A,3,0.6591,0.6667,0,0.2699,0.8525,0.4567
33.3115,1785919049.728780,A,3,0.6984,0.7900,0,0.2419,0.9244,0.4812
33.3897,1785919049.806681,A,3,0.7189,0.7667,1,0.2556,0.8736,0.4805
33.4654,1785919049.882355,A,3,0.7642,0.8700,1,0.2139,1.0293,0.5566
33.5449,1785919049.962395,A,3,0.7870,0.8400,1,0.2236,0.9710,0.5153
33.6218,1785919050.038711,A,3,0.8069,0.8533,1,0.2141,0.9944,0.5259
33.6992,1785919050.116314,A,3,0.8128,0.8267,1,0.2264,0.9731,0.5203
33.7773,1785919050.194489,A,3,0.8070,0.7933,1,0.2366,0.9596,0.4947
33.8558,1785919050.273036,A,3,0.7979,0.7767,1,0.2408,0.9249,0.4867
33.9356,1785919050.352467,A,3,0.8225,0.8800,1,0.2001,1.0853,0.5711
34.0147,1785919050.431932,A,3,0.8428,0.8900,1,0.1919,1.0849,0.5607
34.0936,1785919050.511141,A,3,0.8499,0.8667,1,0.2052,1.0372,0.5388
34.1715,1785919050.588396,A,3,0.8580,0.8767,1,0.1989,1.0957,0.5702
34.2514,1785919050.668588,A,3,0.8606,0.8667,1,0.2030,1.0514,0.5464
34.3297,1785919050.746832,A,3,0.8814,0.9300,1,0.1673,1.1848,0.6156
34.4085,1785919050.825695,A,3,0.8760,0.8633,1,0.2041,1.0832,0.5560
34.4865,1785919050.903732,A,3,0.8862,0.9100,1,0.1788,1.1755,0.5918
34.5655,1785919050.982430,A,3,0.9053,0.9500,1,0.1623,1.2290,0.6448
34.6436,1785919051.060782,A,3,0.8977,0.8800,1,0.1928,1.0973,0.5677
34.7236,1785919051.140777,A,3,0.9044,0.9200,1,0.1739,1.2036,0.6272
34.8027,1785919051.219976,A,3,0.9171,0.9467,1,0.1677,1.2528,0.6495
34.8806,1785919051.297546,A,3,0.9150,0.9100,1,0.1763,1.1939,0.6285
34.9586,1785919051.375844,A,3,0.9215,0.9367,1,0.1693,1.2260,0.6322
35.0365,1785919051.453406,A,3,0.9310,0.9533,1,0.1595,1.2729,0.6369
35.1160,1785919051.533787,A,3,0.9347,0.9433,1,0.1590,1.2187,0.6325
35.1936,1785919051.610817,A,3,0.9473,0.9767,1,0.1498,1.2678,0.6628
35.2892,1785919051.706331,B,3,0.9551,0.9733,1,0.1526,1.2912,0.6552
35.3672,1785919051.784132,B,3,0.9546,0.9533,1,0.1588,1.2867,0.6567
35.4453,1785919051.862344,B,3,0.9492,0.9367,1,0.1647,1.2682,0.6429
35.5242,1785919051.941383,B,3,0.9494,0.9500,1,0.1597,1.2598,0.6590
35.6043,1785919052.021274,B,3,0.9546,0.9667,1,0.1544,1.2899,0.6610
35.6838,1785919052.100841,B,3,0.9432,0.9167,1,0.1621,1.2268,0.6219
35.7618,1785919052.178794,B,3,0.9003,0.8000,1,0.2035,1.0453,0.5448
35.8414,1785919052.258357,B,3,0.8902,0.8667,1,0.1736,1.1502,0.6004
35.9194,1785919052.336363,B,3,0.8961,0.9100,1,0.1638,1.2188,0.6312
35.9990,1785919052.415932,B,3,0.8843,0.8567,1,0.1805,1.1715,0.6054
36.0606,1785919052.477461,B,3,0.8760,0.8567,1,0.1795,1.1673,0.6061
36.1408,1785919052.557878,B,3,0.8772,0.8800,1,0.1699,1.2164,0.6072
36.2197,1785919052.636627,B,3,0.8650,0.8367,1,0.1842,1.1340,0.5950
36.2987,1785919052.715630,B,3,0.8445,0.7967,1,0.1979,1.0743,0.5690
36.3768,1785919052.793669,B,3,0.8852,0.9800,1,0.1531,1.3248,0.6633
36.4568,1785919052.873687,B,3,0.8686,0.8300,1,0.1860,1.1448,0.5909
36.5348,1785919052.951747,B,3,0.8580,0.8333,1,0.1849,1.1674,0.5938
36.6132,1785919053.030067,B,3,0.8466,0.8200,1,0.1888,1.1344,0.5915
36.6933,1785919053.110315,B,3,0.8166,0.7467,1,0.2112,1.0288,0.5357
36.7712,1785919053.188196,B,3,0.7966,0.7500,1,0.2118,1.0447,0.5344
36.8492,1785919053.266145,B,3,0.7827,0.7500,1,0.2125,1.0398,0.5436
36.9272,1785919053.344163,B,3,0.7549,0.6900,1,0.2327,1.0053,0.5273
37.0051,1785919053.422007,B,3,0.7334,0.6833,1,0.2264,0.9535,0.5061
37.0831,1785919053.499993,B,3,0.7344,0.7367,1,0.2104,1.0153,0.5335
37.1612,1785919053.578359,B,3,0.7061,0.6400,1,0.2444,0.9308,0.5024
37.2412,1785919053.658046,B,3,0.7222,0.7600,1,0.2031,1.0235,0.5514
37.3201,1785919053.736968,B,3,0.6896,0.6133,0,0.2556,0.9152,0.4789
37.4007,1785919053.817657,B,3,0.7127,0.7667,1,0.2028,1.0444,0.5469
37.4781,1785919053.895013,B,3,0.6819,0.6100,0,0.2520,0.8792,0.4707
37.5559,1785919053.972831,B,3,0.6643,0.6233,0,0.2507,0.9182,0.4952
37.6330,1785919054.049858,B,3,0.6870,0.7400,0,0.2107,1.0184,0.5455
37.7099,1785919054.126850,B,3,0.6769,0.6533,0,0.2380,0.9412,0.5078
37.7879,1785919054.204801,B,3,0.6388,0.5500,0,0.2670,0.8625,0.4561
37.8679,1785919054.284802,B,3,0.6222,0.5833,0,0.2646,0.8768,0.4719
37.9460,1785919054.362926,B,3,0.6345,0.6633,0,0.2332,0.9418,0.5044
38.0251,1785919054.442116,B,3,0.6442,0.6667,0,0.2339,0.9562,0.5114
38.1038,1785919054.520670,B,3,0.6579,0.6900,0,0.2233,0.9636,0.5160
38.1828,1785919054.599930,B,3,0.6745,0.7133,0,0.2162,1.0260,0.5227
38.2608,1785919054.677668,B,3,0.6742,0.6733,0,0.2267,0.9694,0.5069
38.3236,1785919054.740478,B,3,0.6709,0.6633,0,0.2256,0.9580,0.4939
38.4022,1785919054.819196,B,3,0.6496,0.6000,0,0.2453,0.8945,0.4788
38.4813,1785919054.898220,B,3,0.6628,0.6933,0,0.2237,0.9704,0.5199
38.5606,1785919054.977482,B,3,0.6359,0.5733,0,0.2579,0.8796,0.4678
38.6399,1785919055.056831,B,3,0.6161,0.5700,0,0.2528,0.8448,0.4597
38.7187,1785919055.135618,B,3,0.6483,0.7233,0,0.2115,1.0099,0.5397
38.7967,1785919055.213767,B,3,0.6108,0.5233,0,0.2652,0.8363,0.4600
38.8754,1785919055.292345,B,3,0.6296,0.6733,0,0.2270,0.9859,0.5204
38.9542,1785919055.371056,B,3,0.6567,0.7200,0,0.2098,1.0143,0.5259
39.0312,1785919055.448070,B,3,0.6477,0.6267,0,0.2302,0.9389,0.4810
39.1075,1785919055.524401,B,3,0.6314,0.5933,0,0.2445,0.9264,0.4959
39.1855,1785919055.602636,B,3,0.6310,0.6300,0,0.2344,0.9535,0.5024
39.2645,1785919055.681368,B,3,0.6147,0.5767,0,0.2476,0.8972,0.4823
39.3435,1785919055.760404,B,3,0.6253,0.6500,0,0.2259,0.9527,0.5016
39.4229,1785919055.839814,B,3,0.6277,0.6333,0,0.2295,0.9453,0.4906
39.5019,1785919055.918776,B,3,0.6384,0.6633,0,0.2316,0.9882,0.5321
39.5809,1785919055.997809,B,3,0.6559,0.6967,0,0.2192,1.0003,0.5174
39.6601,1785919056.077024,B,3,0.6551,0.6533,0,0.2256,0.9745,0.4978
39.7389,1785919056.155784,B,3,0.6656,0.6900,0,0.2313,1.0106,0.5373
39.8175,1785919056.234493,B,3,0.6729,0.6900,0,0.2237,0.9949,0.5255
39.8961,1785919056.313051,B,3,0.6770,0.6867,0,0.2234,0.9917,0.5226
39.9751,1785919056.391994,B,3,0.6479,0.5800,0,0.2373,0.8910,0.4791
40.0534,1785919056.470271,B,3,0.6955,0.8067,0,0.1932,1.1075,0.5741
40.1307,1785919056.547663,B,3,0.7119,0.7500,1,0.2032,1.0316,0.5381
40.2072,1785919056.624114,B,3,0.7403,0.8067,1,0.1916,1.1073,0.5747
40.2863,1785919056.703159,B,3,0.7182,0.6667,1,0.2246,0.9835,0.5132
40.3490,1785919056.765868,B,3,0.6908,0.6267,0,0.2320,0.9681,0.5064
40.4284,1785919056.845282,B,3,0.6695,0.6200,0,0.2304,0.9486,0.4937
40.5083,1785919056.925228,B,3,0.6127,0.4800,0,0.2620,0.8203,0.4329
40.5864,1785919057.003414,B,3,0.6379,0.6967,0,0.2210,0.9960,0.5261
40.6642,1785919057.081126,B,3,0.6135,0.5567,0,0.2567,0.8751,0.4749
40.7441,1785919057.161042,B,3,0.5705,0.4700,0,0.2650,0.8038,0.4289
40.8211,1785919057.238082,B,3,0.5683,0.5633,0,0.2524,0.8702,0.4626
40.8997,1785919057.316559,B,3,0.5718,0.5800,0,0.2468,0.8798,0.4689
40.9786,1785919057.395549,B,3,0.6203,0.7333,0,0.2119,1.0306,0.5349
41.0556,1785919057.472532,B,3,0.6062,0.5733,0,0.2526,0.8764,0.4775
41.1357,1785919057.552550,B,3,0.5543,0.4333,0,0.2768,0.7955,0.4262
41.2144,1785919057.631343,B,3,0.5520,0.5467,0,0.2552,0.8310,0.4551
41.2939,1785919057.710853,B,3,0.5314,0.4833,0,0.2655,0.8228,0.4311
41.3739,1785919057.790900,B,3,0.4830,0.3700,0,0.2925,0.7646,0.4264
41.4519,1785919057.868846,B,3,0.4421,0.3467,0,0.2982,0.7487,0.4104
41.5320,1785919057.948860,B,3,0.4595,0.5000,0,0.2676,0.8473,0.4461
41.6096,1785919058.026522,B,3,0.4576,0.4533,0,0.2764,0.8117,0.4323
41.6876,1785919058.104524,B,3,0.4383,0.3933,0,0.2854,0.7741,0.4111
41.7666,1785919058.183525,B,3,0.3798,0.2433,0,0.3219,0.6854,0.3800
41.8436,1785919058.260514,B,3,0.3959,0.4333,0,0.2770,0.7909,0.4145
41.9216,1785919058.338503,B,3,0.3531,0.2533,0,0.3170,0.6990,0.3676
41.9996,1785919058.416535,B,3,0.2872,0.1333,0,0.3699,0.5771,0.3253
42.0769,1785919058.493801,B,3,0.2810,0.2667,0,0.3132,0.6812,0.3815
42.1561,1785919058.573023,B,3,0.2567,0.2000,0,0.3371,0.6533,0.3558
42.2357,1785919058.652602,B,3,0.2387,0.1967,0,0.3354,0.6377,0.3504
42.3158,1785919058.732839,B,3,0.2171,0.1667,0,0.3482,0.6136,0.3479
42.3949,1785919058.811785,B,3,0.1920,0.1333,0,0.3691,0.5611,0.3297
42.4729,1785919058.890052,B,3,0.1684,0.1133,0,0.3861,0.5558,0.3034
42.5529,1785919058.969827,B,3,0.1479,0.1000,0,0.3954,0.5016,0.3020
42.6300,1785919059.046863,B,3,0.1505,0.1567,0,0.3582,0.5763,0.3135
42.7088,1785919059.125735,B,3,0.1354,0.1000,0,0.3988,0.5137,0.2914
42.7860,1785919059.202943,B,3,0.1247,0.1000,0,0.3981,0.5031,0.2837
42.8650,1785919059.281900,B,3,0.1083,0.0700,0,0.4252,0.4645,0.2715
42.9430,1785919059.359850,B,3,0.0898,0.0467,0,0.4412,0.4413,0.2463
43.0231,1785919059.439940,B,3,0.0939,0.1033,0,0.4105,0.5116,0.2847
43.1001,1785919059.517056,B,3,0.0967,0.1033,0,0.4076,0.4764,0.2797
43.1791,1785919059.596045,B,3,0.0967,0.0967,0,0.4136,0.4733,0.2809
43.2585,1785919059.675440,B,3,0.0777,0.0333,0,0.4484,0.4070,0.2405
43.3381,1785919059.755088,B,3,0.0774,0.0767,0,0.4358,0.4386,0.2576
43.4159,1785919059.832782,B,3,0.1002,0.1533,0,0.3820,0.5378,0.3002
43.4949,1785919059.912038,B,3,0.1061,0.1200,0,0.4038,0.4866,0.2823
43.5738,1785919059.990710,B,3,0.0853,0.0367,0,0.4459,0.4042,0.2443
43.6501,1785919060.066998,B,3,0.0677,0.0267,0,0.4536,0.3898,0.2284
43.7301,1785919060.147037,B,3,0.0534,0.0200,0,0.4575,0.3771,0.2287
43.8074,1785919060.224268,B,3,0.0644,0.0900,0,0.4363,0.4729,0.2588
43.8863,1785919060.303246,B,3,0.0821,0.1233,0,0.4131,0.4950,0.2852
43.9643,1785919060.381235,B,3,0.0854,0.0933,0,0.4298,0.4353,0.2509
44.0437,1785919060.460679,B,3,0.1048,0.1500,0,0.4019,0.5356,0.2927
44.1231,1785919060.539990,B,3,0.0964,0.0767,0,0.4351,0.4226,0.2451
44.2031,1785919060.619989,B,3,0.1185,0.1700,0,0.3885,0.5171,0.2998
44.2807,1785919060.697638,B,3,0.1279,0.1500,0,0.4002,0.5038,0.2876
44.3587,1785919060.775585,B,3,0.1205,0.1033,0,0.4230,0.4621,0.2702
44.4361,1785919060.853089,B,3,0.1284,0.1467,0,0.4067,0.4985,0.2895
44.5161,1785919060.933300,B,3,0.1419,0.1733,0,0.3907,0.5261,0.2951
44.5943,1785919061.011195,B,3,0.1623,0.2100,0,0.3824,0.5692,0.3117
44.6733,1785919061.090151,B,3,0.1806,0.2233,0,0.3707,0.5722,0.3146
44.7519,1785919061.168808,B,3,0.2024,0.2533,0,0.3572,0.5762,0.3358
44.8302,1785919061.247108,B,3,0.1807,0.1300,0,0.4148,0.4945,0.2850
44.9075,1785919061.324469,B,3,0.1785,0.1733,0,0.3948,0.5134,0.2924
44.9866,1785919061.403490,B,3,0.1749,0.1667,0,0.3928,0.4814,0.2760
45.0656,1785919061.482554,B,3,0.1895,0.2233,0,0.3791,0.5408,0.3135
45.1446,1785919061.561532,B,3,0.1896,0.1900,0,0.3888,0.5269,0.2917
45.2234,1785919061.640265,B,3,0.1737,0.1367,0,0.4099,0.4689,0.2818
45.3182,1785919061.735252,A,4,0.2046,0.2767,0,0.3565,0.5840,0.3349
45.3969,1785919061.813980,A,4,0.2092,0.2200,0,0.3851,0.5650,0.3013
45.4747,1785919061.891743,A,4,0.2635,0.3900,0,0.3221,0.6849,0.3857
45.5552,1785919061.972060,A,4,0.2674,0.2767,0,0.3581,0.5733,0.3309
45.6351,1785919062.052263,A,4,0.2732,0.2867,0,0.3539,0.5739,0.3368
45.7134,1785919062.130378,A,4,0.2552,0.2133,0,0.3837,0.5267,0.3100
45.7913,1785919062.208132,A,4,0.2697,0.3033,0,0.3492,0.6076,0.3302
45.8715,1785919062.288664,A,4,0.2668,0.2600,0,0.3697,0.5915,0.3173
45.9492,1785919062.366713,A,4,0.3137,0.4233,0,0.3140,0.6947,0.3746
46.0279,1785919062.444751,A,4,0.3306,0.3700,0,0.3312,0.6633,0.3597
46.1068,1785919062.523777,A,4,0.3264,0.3167,0,0.3486,0.6284,0.3440
46.1867,1785919062.603864,A,4,0.3135,0.2833,0,0.3616,0.5940,0.3304
46.2644,1785919062.681475,A,4,0.3265,0.3567,0,0.3356,0.6380,0.3532
46.3432,1785919062.760564,A,4,0.3185,0.3000,0,0.3556,0.5961,0.3480
46.4210,1785919062.838096,A,4,0.3870,0.5467,0,0.2905,0.7446,0.4157
46.5009,1785919062.917804,A,4,0.3389,0.2267,0,0.3831,0.5484,0.3030
46.5790,1785919062.996034,A,4,0.3702,0.4433,0,0.3185,0.7062,0.3781
46.6570,1785919063.074141,A,4,0.3751,0.3867,0,0.3300,0.6376,0.3514
46.7369,1785919063.153762,A,4,0.3596,0.3233,0,0.3532,0.6232,0.3587
46.8151,1785919063.232195,A,4,0.3277,0.2533,0,0.3750,0.5718,0.3262
46.8951,1785919063.312330,A,4,0.3264,0.3233,0,0.3510,0.6111,0.3422
46.9732,1785919063.390338,A,4,0.3195,0.3033,0,0.3575,0.6097,0.3318
47.0511,1785919063.468189,A,4,0.2986,0.2500,0,0.3751,0.5659,0.3192
47.1304,1785919063.547352,A,4,0.3010,0.3067,0,0.3539,0.5795,0.3256
47.2083,1785919063.625735,A,4,0.2667,0.1867,0,0.3969,0.5204,0.3009
47.2884,1785919063.705699,A,4,0.2867,0.3333,0,0.3497,0.6021,0.3343
47.3673,1785919063.784107,A,4,0.2847,0.2800,0,0.3645,0.5811,0.3199
47.4465,1785919063.863837,A,4,0.3083,0.3633,0,0.3422,0.6116,0.3327
47.5252,1785919063.942039,A,4,0.2778,0.2067,0,0.3899,0.5329,0.3043
47.6043,1785919064.021457,A,4,0.2705,0.2533,0,0.3744,0.5404,0.3058
47.6822,1785919064.099315,A,4,0.2433,0.1800,0,0.3987,0.5297,0.3024
47.7603,1785919064.177571,A,4,0.2193,0.1633,0,0.4025,0.4978,0.2853
47.8384,1785919064.255317,A,4,0.2035,0.1667,0,0.4002,0.5032,0.2858
47.9175,1785919064.334449,A,4,0.2165,0.2467,0,0.3793,0.5294,0.3097
47.9965,1785919064.413354,A,4,0.2175,0.2200,0,0.3855,0.5254,0.2909
48.0734,1785919064.490608,A,4,0.2433,0.3033,0,0.3639,0.5768,0.3148
48.1525,1785919064.569467,A,4,0.2063,0.1200,0,0.4178,0.4819,0.2856
48.2304,1785919064.647397,A,4,0.2704,0.4200,0,0.3378,0.6266,0.3570
48.3081,1785919064.724985,A,4,0.2463,0.1900,0,0.3946,0.4926,0.2864
48.3884,1785919064.805746,A,4,0.2264,0.1800,0,0.3966,0.5014,0.2787
48.4676,1785919064.884993,A,4,0.2235,0.2167,0,0.3902,0.5290,0.2936
48.5464,1785919064.963540,A,4,0.2354,0.2633,0,0.3771,0.5213,0.3009
48.6243,1785919065.041168,A,4,0.2628,0.3267,0,0.3650,0.5821,0.3241
48.7022,1785919065.119194,A,4,0.2960,0.3733,0,0.3529,0.6058,0.3322
48.7822,1785919065.199348,A,4,0.2702,0.2100,0,0.3897,0.5061,0.2965
48.8598,1785919065.276756,A,4,0.2521,0.2100,0,0.3915,0.5097,0.2904
48.9379,1785919065.355103,A,4,0.2595,0.2767,0,0.3802,0.5561,0.3031
49.0169,1785919065.433762,A,4,0.2766,0.3167,0,0.3697,0.5638,0.3154
49.0929,1785919065.510119,A,4,0.3226,0.4300,0,0.3377,0.6290,0.3384
49.1720,1785919065.588939,A,4,0.3569,0.4367,0,0.3344,0.6348,0.3462
49.2511,1785919065.668273,A,4,0.3628,0.3767,0,0.3535,0.6150,0.3290
49.3291,1785919065.746449,A,4,0.3560,0.3400,0,0.3619,0.5894,0.3260
49.4081,1785919065.824975,A,4,0.4082,0.5300,0,0.3073,0.6847,0.3822
49.4862,1785919065.903250,A,4,0.4397,0.5133,0,0.3160,0.6963,0.3819
49.5650,1785919065.982092,A,4,0.4888,0.6033,0,0.2901,0.7843,0.4205
49.6444,1785919066.061218,A,4,0.5282,0.6200,0,0.2831,0.7868,0.4213
49.7224,1785919066.139292,A,4,0.5377,0.5600,0,0.2985,0.7391,0.4069
49.8024,1785919066.219586,A,4,0.5434,0.5567,0,0.2996,0.7504,0.3985
49.8824,1785919066.299278,A,4,0.5494,0.5633,0,0.2960,0.7361,0.4020
49.9594,1785919066.376518,A,4,0.5236,0.4633,0,0.3243,0.6771,0.3775
50.0375,1785919066.455189,A,4,0.5345,0.5600,0,0.2955,0.7363,0.3984
50.1161,1785919066.533202,A,4,0.5661,0.6400,0,0.2715,0.8052,0.4265
50.1957,1785919066.612776,A,4,0.6183,0.7400,0,0.2370,0.9385,0.4969
50.2744,1785919066.691608,A,4,0.6348,0.6733,0,0.2602,0.8709,0.4565
50.3676,1785919066.784822,B,4,0.6374,0.6433,0,0.2693,0.8205,0.4551
50.4482,1785919066.865116,B,4,0.7122,0.8867,1,0.2045,1.0632,0.5501
50.5260,1785919066.942939,B,4,0.7265,0.7600,1,0.2327,0.9473,0.5064
50.6062,1785919067.023123,B,4,0.6966,0.6267,0,0.2714,0.8415,0.4346
50.6834,1785919067.100325,B,4,0.6906,0.6767,0,0.2578,0.8890,0.4698
50.7627,1785919067.179673,B,4,0.7124,0.7633,1,0.2277,0.9426,0.4922
50.8402,1785919067.257059,B,4,0.7277,0.7633,1,0.2338,0.9505,0.5240
50.9037,1785919067.320561,B,4,0.7334,0.7467,1,0.2338,0.9636,0.5015
50.9814,1785919067.398278,B,4,0.7424,0.7633,1,0.2269,0.9373,0.4981
51.0596,1785919067.476705,B,4,0.7667,0.8233,1,0.2228,0.9954,0.5353
51.1373,1785919067.554214,B,4,0.7957,0.8633,1,0.2093,1.0281,0.5376
51.2143,1785919067.631198,B,4,0.8350,0.9267,1,0.1759,1.1243,0.5980
51.2923,1785919067.709151,B,4,0.8615,0.9233,1,0.1819,1.1418,0.6051
51.3713,1785919067.788157,B,4,0.8680,0.8833,1,0.2035,1.0884,0.5547
51.4493,1785919067.866179,B,4,0.8896,0.9400,1,0.1734,1.1545,0.6084
51.5263,1785919067.943167,B,4,0.8677,0.8167,1,0.2124,1.0149,0.5185
51.6053,1785919068.022151,B,4,0.8824,0.9167,1,0.1820,1.1524,0.5949
51.6833,1785919068.100185,B,4,0.9137,0.9867,1,0.1590,1.2957,0.6672
51.7613,1785919068.178204,B,4,0.9086,0.8967,1,0.1877,1.1198,0.5784
51.8383,1785919068.255171,B,4,0.9120,0.9200,1,0.1802,1.1477,0.6108
51.9173,1785919068.334208,B,4,0.9124,0.9133,1,0.1846,1.1598,0.6118
51.9954,1785919068.412277,B,4,0.9097,0.9033,1,0.1848,1.1605,0.5969
52.0747,1785919068.491799,B,4,0.9348,0.9933,1,0.1576,1.3216,0.6680
52.1547,1785919068.571807,B,4,0.9173,0.8767,1,0.1920,1.0997,0.5745
52.2327,1785919068.649579,B,4,0.8711,0.7633,1,0.2221,0.9814,0.5183
52.3087,1785919068.725556,B,4,0.8738,0.8800,1,0.1937,1.1293,0.5975
52.3882,1785919068.805060,B,4,0.8927,0.9367,1,0.1731,1.1922,0.6172
52.4662,1785919068.883046,B,4,0.8819,0.8567,1,0.1969,1.1139,0.5601
52.5462,1785919068.963055,B,4,0.8743,0.8567,1,0.1987,1.1012,0.5761
52.6243,1785919069.041154,B,4,0.8690,0.8567,1,0.1930,1.0774,0.5667
52.7042,1785919069.121144,B,4,0.8873,0.9300,1,0.1755,1.1652,0.6251
52.7821,1785919069.199014,B,4,0.8921,0.9033,1,0.1827,1.1702,0.6036
52.8621,1785919069.279035,B,4,0.8895,0.8833,1,0.1825,1.1488,0.5876
52.9391,1785919069.356183,B,4,0.8656,0.8100,1,0.2093,1.0758,0.5589
53.0166,1785919069.433509,B,4,0.8689,0.8767,1,0.1859,1.1468,0.5939
53.0950,1785919069.512173,B,4,0.8553,0.8233,1,0.1991,1.0797,0.5496
53.1742,1785919069.591234,B,4,0.8367,0.7933,1,0.2039,1.0248,0.5503
53.2533,1785919069.670202,B,4,0.8207,0.7833,1,0.2105,1.0480,0.5496
53.3329,1785919069.749797,B,4,0.8215,0.8233,1,0.1959,1.0497,0.5544
53.4114,1785919069.828507,B,4,0.8150,0.8000,1,0.1996,1.0342,0.5348
53.4897,1785919069.906555,B,4,0.8035,0.7767,1,0.2101,1.0402,0.5554
53.5693,1785919069.986237,B,4,0.7565,0.6467,1,0.2334,0.9553,0.5111
53.6495,1785919070.066341,B,4,0.7275,0.6600,1,0.2308,0.9611,0.5079
53.7290,1785919070.145861,B,4,0.7403,0.7700,1,0.2067,1.0310,0.5312
53.8070,1785919070.223935,B,4,0.7632,0.8167,1,0.2004,1.0627,0.5573
53.8871,1785919070.303992,B,4,0.7522,0.7267,1,0.2171,1.0223,0.5372
53.9653,1785919070.382257,B,4,0.7416,0.7167,1,0.2138,0.9972,0.5216
54.0447,1785919070.461787,B,4,0.7381,0.7300,1,0.2163,1.0416,0.5356
54.1218,1785919070.538959,B,4,0.7317,0.7167,1,0.2183,1.0239,0.5324
54.1998,1785919070.616719,B,4,0.7112,0.6633,1,0.2239,0.9743,0.5069
54.2782,1785919070.695083,B,4,0.6778,0.6000,0,0.2359,0.9631,0.5077
54.3562,1785919070.773110,B,4,0.7265,0.8400,1,0.1947,1.1124,0.5553
54.4352,1785919070.852054,B,4,0.6805,0.5733,0,0.2347,0.9224,0.4868
54.5142,1785919070.931120,B,4,0.7244,0.8267,1,0.1917,1.0752,0.5397
54.5914,1785919071.008365,B,4,0.6821,0.5833,0,0.2387,0.9761,0.5055
54.6701,1785919071.087087,B,4,0.7104,0.7767,1,0.2027,1.0413,0.5361
54.7495,1785919071.166459,B,4,0.7233,0.7533,1,0.2101,1.0341,0.5426
54.8283,1785919071.245194,B,4,0.6733,0.5567,0,0.2417,0.9195,0.4955
54.9071,1785919071.324060,B,4,0.6793,0.6933,0,0.2196,1.0202,0.5322
54.9836,1785919071.400567,B,4,0.6895,0.7133,0,0.2143,1.0235,0.5276
55.0631,1785919071.480021,B,4,0.7017,0.7300,1,0.2075,0.9963,0.5338
55.1422,1785919071.559056,B,4,0.6992,0.6933,0,0.2177,1.0103,0.5359
55.2177,1785919071.634563,B,4,0.6824,0.6433,0,0.2276,0.9852,0.5249
55.2972,1785919071.714128,B,4,0.7257,0.8267,1,0.1988,1.1023,0.5653
55.3764,1785919071.793304,B,4,0.7320,0.7467,1,0.2124,1.0554,0.5408
55.4544,1785919071.871342,B,4,0.7384,0.7533,1,0.2086,1.0099,0.5565
55.5335,1785919071.950346,B,4,0.7239,0.6900,1,0.2164,1.0098,0.5401
55.6125,1785919072.029346,B,4,0.7967,0.9667,1,0.1666,1.2456,0.6572
55.6917,1785919072.108622,B,4,0.8267,0.8967,1,0.1871,1.1843,0.6152
55.7698,1785919072.186697,B,4,0.8087,0.7667,1,0.2080,1.0617,0.5530
55.8499,1785919072.266755,B,4,0.8251,0.8633,1,0.1860,1.1314,0.5838
55.9278,1785919072.344712,B,4,0.7566,0.5967,1,0.2266,0.9732,0.5116
56.0080,1785919072.424862,B,4,0.7676,0.7933,1,0.2036,1.0789,0.5635
56.0880,1785919072.504880,B,4,0.7853,0.8267,1,0.1956,1.0838,0.5725
56.1662,1785919072.583426,B,4,0.8067,0.8567,1,0.1899,1.1390,0.5907
56.2451,1785919072.662015,B,4,0.8487,0.9467,1,0.1712,1.2549,0.6459
56.3232,1785919072.740090,B,4,0.8471,0.8433,1,0.1922,1.1217,0.5936
56.4022,1785919072.819137,B,4,0.8510,0.8600,1,0.1841,1.1420,0.5811
56.4792,1785919072.896146,B,4,0.8567,0.8700,1,0.1839,1.1576,0.5890
56.5587,1785919072.975607,B,4,0.8027,0.6767,1,0.2103,1.0346,0.5244
56.6367,1785919073.053608,B,4,0.8199,0.8600,1,0.1872,1.1425,0.5987
56.7149,1785919073.131799,B,4,0.8659,0.9733,1,0.1607,1.2690,0.6537
56.7943,1785919073.211154,B,4,0.8911,0.9500,1,0.1647,1.2231,0.6481
56.8733,1785919073.290334,B,4,0.8708,0.8233,1,0.1919,1.1148,0.5849
56.9503,1785919073.367241,B,4,0.8906,0.9367,1,0.1657,1.2381,0.6226
57.0301,1785919073.447053,B,4,0.9024,0.9300,1,0.1704,1.2363,0.6265
57.1094,1785919073.526288,B,4,0.8557,0.7467,1,0.2055,1.0840,0.5630
57.1882,1785919073.605460,B,4,0.8450,0.8200,1,0.1874,1.1182,0.5727
57.2650,1785919073.681917,B,4,0.8195,0.7600,1,0.1965,1.0606,0.5564
57.3429,1785919073.759806,B,4,0.7546,0.6033,1,0.2183,1.0071,0.5290
57.4230,1785919073.839886,B,4,0.7682,0.8000,1,0.1928,1.1066,0.5680
57.5009,1785919073.917792,B,4,0.7778,0.8000,1,0.1926,1.1143,0.5664
57.5809,1785919073.997756,B,4,0.7184,0.5800,1,0.2217,0.9901,0.5117
57.6592,1785919074.076185,B,4,0.6729,0.5667,0,0.2222,0.9739,0.5056
57.7382,1785919074.155078,B,4,0.7150,0.8133,1,0.1892,1.1200,0.5723
57.8172,1785919074.234042,B,4,0.6585,0.5267,0,0.2305,0.9493,0.5121
57.8959,1785919074.312861,B,4,0.6450,0.6133,0,0.2147,0.9963,0.5191
57.9739,1785919074.390846,B,4,0.6135,0.5400,0,0.2333,0.9945,0.5162
58.0375,1785919074.454421,B,4,0.5984,0.5633,0,0.2263,0.9530,0.5262
58.1149,1785919074.531808,B,4,0.6469,0.7600,0,0.2035,1.0769,0.5649
58.1949,1785919074.611798,B,4,0.5818,0.4300,0,0.2511,0.8733,0.4597
58.2731,1785919074.690055,B,4,0.5423,0.4500,0,0.2473,0.9025,0.4791
58.3528,1785919074.769688,B,4,0.4876,0.3600,0,0.2811,0.7579,0.4081
58.4310,1785919074.847930,B,4,0.5053,0.5467,0,0.2233,0.9376,0.4965
58.5088,1785919074.925708,B,4,0.4607,0.3567,0,0.2861,0.7699,0.4130
58.5868,1785919075.003771,B,4,0.4345,0.3733,0,0.2778,0.7961,0.4237
58.6668,1785919075.083733,B,4,0.4192,0.3833,0,0.2758,0.8105,0.4362
58.7442,1785919075.161080,B,4,0.4034,0.3667,0,0.2863,0.7920,0.4264
58.8242,1785919075.241379,B,4,0.3874,0.3500,0,0.2887,0.7477,0.4081
58.9021,1785919075.319010,B,4,0.3702,0.3300,0,0.3150,0.7310,0.3996
58.9802,1785919075.397133,B,4,0.3591,0.3333,0,0.3085,0.7101,0.3975
59.0595,1785919075.476446,B,4,0.3454,0.3133,0,0.3158,0.6785,0.3778
59.1396,1785919075.556577,B,4,0.3438,0.3400,0,0.2992,0.7051,0.3905
59.2188,1785919075.635714,B,4,0.3226,0.2733,0,0.3435,0.6308,0.3526
59.2961,1785919075.712995,B,4,0.3158,0.3000,0,0.3294,0.6378,0.3518
59.3751,1785919075.791955,B,4,0.3091,0.2933,0,0.3355,0.6457,0.3497
59.4531,1785919075.870002,B,4,0.3064,0.3000,0,0.3331,0.6361,0.3537
59.5331,1785919075.949984,B,4,0.2565,0.1400,0,0.3877,0.5362,0.2995
59.6100,1785919076.026856,B,4,0.2195,0.1333,0,0.3846,0.5074,0.2895
59.6889,1785919076.105805,B,4,0.1977,0.1467,0,0.3883,0.5343,0.3040
59.7671,1785919076.184026,B,4,0.1934,0.1833,0,0.3728,0.5292,0.2981
59.8463,1785919076.263450,B,4,0.2144,0.2633,0,0.3496,0.5988,0.3278
59.9243,1785919076.341238,B,4,0.1760,0.0867,0,0.3938,0.4918,0.2749
60.0043,1785919076.421166,B,4,0.1532,0.1000,0,0.3974,0.5120,0.2893
60.0823,1785919076.499188,B,4,0.1963,0.2967,0,0.3441,0.6200,0.3411
60.1613,1785919076.578152,B,4,0.1844,0.1567,0,0.3885,0.5518,0.2976
60.2403,1785919076.657193,B,4,0.1781,0.1633,0,0.3823,0.5390,0.2966
60.3178,1785919076.734653,B,4,0.1996,0.2500,0,0.3586,0.5766,0.3329
