t_rel,phase_rec,trial_idx_rec,simulation_intensity_rec,simulation_intensity_pct_rec,mu_power_rec,beta_power_rec
0.0,A,1,0.5,0.5,0.8883,0.7138
0.18320000000000003,A,1,0.5,0.5,0.8313,0.7272
0.2783,A,1,0.5,0.5,0.9071,0.7398
0.3755,A,1,0.5,0.5,0.9634,0.7496
0.45039999999999997,A,1,0.5,0.5,1.0386,0.7481
0.5290999999999999,A,1,0.5,0.5,1.0504,0.7476
0.6085,A,1,0.5,0.5,1.0403,0.7319
0.6863999999999999,A,1,0.5,0.5,1.1097,0.7624
0.7642,A,1,0.5,0.5,1.1159,0.7707
0.8441000000000001,A,1,0.5,0.5,1.1138,0.798
0.9220999999999999,A,1,0.5,0.5,1.0326,0.7694
1.0,A,1,0.5,0.5,0.9576,0.7534
1.0793,A,1,0.5,0.5,0.9321,0.7675
1.1582999999999999,A,1,0.5,0.5,0.9688,0.7839
1.2363,A,1,0.5,0.5,0.9966,0.7747
1.3143,A,1,0.5,0.5,1.0713,0.8034
1.3942999999999999,A,1,0.5,0.5,1.0348,0.7696
1.4724,A,1,0.5,0.5,1.0647,0.7714
1.5503,A,1,0.5,0.5,1.1529,0.8071
1.6273,A,1,0.5,0.5,1.1521,0.7819
1.7058,A,1,0.5,0.5,1.1229,0.767
1.7858,A,1,0.5,0.5,1.1215,0.7742
1.8639,A,1,0.5,0.5,0.9965,0.7408
1.9419,A,1,0.5,0.5,1.0842,0.8048
2.0199,A,1,0.5,0.5,0.9757,0.7682
2.0999,A,1,0.5,0.5,0.8835,0.745
2.1799,A,1,0.5,0.5,0.9746,0.7959
2.2569,A,1,0.5,0.5,0.9329,0.7646
2.335,A,1,0.5,0.5,1.0497,0.8254
2.4129,A,1,0.52,0.5667,1.0093,0.7601
2.4919,A,1,0.4801,0.3871,1.0527,0.7488
2.5719,A,1,0.4392,0.3438,1.0857,0.744
2.65,A,1,0.4075,0.3333,1.0804,0.7542
2.7281,A,1,0.4087,0.4118,1.0623,0.7479
2.808,A,1,0.5176,0.7714,0.9875,0.7111
2.886,A,1,0.629,0.8889,0.9501,0.7271
2.9668,A,1,0.7322,0.973,0.8819,0.7099
3.0442,A,1,0.8125,1.0,0.8175,0.7189
3.1243,A,1,0.8688,1.0,0.7907,0.7177
3.2012,A,1,0.9081,1.0,0.7629,0.6996
3.2797,A,1,0.9284,0.9756,0.775,0.7048
3.3581,A,1,0.9284,0.9286,0.8308,0.6863
3.436,A,1,0.908,0.8605,0.8846,0.6868
3.516,A,1,0.8402,0.6818,0.9694,0.7304
3.594,A,1,0.8215,0.7778,0.9236,0.6814
3.6739,A,1,0.7511,0.587,1.0043,0.7034
3.752,A,1,0.7683,0.8085,0.9208,0.6667
3.831,A,1,0.8003,0.875,0.8769,0.6761
3.91,A,1,0.8419,0.9388,0.8388,0.6699
3.9882,A,1,0.8833,0.98,0.7824,0.6874
4.0661,A,1,0.9183,1.0,0.6863,0.6557
4.146,A,1,0.9428,1.0,0.6842,0.6524
4.224,A,1,0.96,1.0,0.6647,0.6382
4.3041,A,1,0.9664,0.9815,0.6874,0.6298
4.3811,A,1,0.9547,0.9273,0.7557,0.6451
4.46,A,1,0.9415,0.9107,0.7863,0.6504
4.538,A,1,0.9064,0.8246,0.8433,0.6541
4.6161,A,1,0.8621,0.7586,0.8717,0.64
4.6931,A,1,0.8221,0.7288,0.8837,0.6526
4.77,A,1,0.8405,0.8833,0.8155,0.6227
4.848,A,1,0.8637,0.918,0.7691,0.6216
4.9271,A,1,0.8853,0.9355,0.7364,0.6322
5.0229,B,1,0.9197,1.0,0.6712,0.623
5.117,B,1,0.9438,1.0,0.6218,0.6391
5.196,B,1,0.9606,1.0,0.6093,0.6249
5.2749,B,1,0.9634,0.9697,0.6421,0.6185
5.3529,B,1,0.9385,0.8806,0.7219,0.6458
5.431,B,1,0.904,0.8235,0.7693,0.6313
5.51,B,1,0.8893,0.8551,0.7611,0.6247
5.5889999999999995,B,1,0.8068,0.6143,0.8805,0.6645
5.666,B,1,0.7845,0.7324,0.837,0.6218
5.744,B,1,0.7616,0.7083,0.8457,0.6361
5.8231,B,1,0.7674,0.7808,0.8024,0.6284
5.9019,B,1,0.8047,0.8919,0.7269,0.617
5.9809,B,1,0.8313,0.8933,0.7064,0.6386
6.0599,B,1,0.8701,0.9605,0.6582,0.6345
6.1388,B,1,0.8974,0.961,0.6304,0.6548
6.2148,B,1,0.9166,0.9615,0.6366,0.6361
6.2938,B,1,0.9151,0.9114,0.6595,0.6458
6.3721,B,1,0.8918,0.8375,0.7105,0.6465
6.451,B,1,0.8465,0.7407,0.7716,0.6568
6.5301,B,1,0.7901,0.6585,0.8252,0.6401
6.609,B,1,0.7266,0.5783,0.8554,0.6438
6.6868,B,1,0.6764,0.5595,0.8699,0.6427
6.7653,B,1,0.6606,0.6235,0.843,0.6508
6.8443,B,1,0.6543,0.6395,0.8365,0.6465
6.9233,B,1,0.6718,0.7126,0.7898,0.6523
7.0033,B,1,0.7362,0.8864,0.6909,0.6378
7.0813,B,1,0.8119,0.9888,0.6157,0.6183
7.1603,B,1,0.8184,0.8333,0.6924,0.6672
7.2393,B,1,0.8531,0.9341,0.6373,0.6448
7.3165,B,1,0.8482,0.837,0.7005,0.6447
7.3953999999999995,B,1,0.8228,0.7634,0.7456,0.6288
7.4744,B,1,0.793,0.7234,0.7679,0.6303
7.5524,B,1,0.7351,0.6,0.8312,0.6417
7.6293,B,1,0.7114,0.6562,0.8147,0.609
7.7092,B,1,0.6836,0.6186,0.8354,0.6179
7.7872,B,1,0.6561,0.5918,0.8215,0.6519
7.8662,B,1,0.6895,0.7677,0.7524,0.6377
7.9455,B,1,0.7137,0.77,0.7379,0.6456
8.023900000000001,B,1,0.7847,0.9505,0.6471,0.619
8.1028,B,1,0.8258,0.9216,0.6379,0.645
8.1818,B,1,0.8722,0.9806,0.6187,0.6261
8.2598,B,1,0.9106,1.0,0.5936,0.6262
8.3388,B,1,0.926,0.9619,0.6318,0.6183
8.417900000000001,B,1,0.8944,0.8208,0.7009,0.6253
8.4968,B,1,0.8251,0.6636,0.7828,0.6167
8.5759,B,1,0.7498,0.5741,0.8239,0.6243
8.6553,B,1,0.6735,0.4954,0.8475,0.6357
8.7317,B,1,0.6596,0.6273,0.8098,0.6155
8.811100000000001,B,1,0.6753,0.7117,0.7749,0.6081
8.8902,B,1,0.6923,0.7321,0.7518,0.6286
8.968900000000001,B,1,0.7581,0.9115,0.6467,0.6266
9.046800000000001,B,1,0.8307,1.0,0.5916,0.6086
9.125900000000001,B,1,0.8815,1.0,0.5575,0.6044
9.205,B,1,0.9144,0.9914,0.5669,0.6195
9.2835,B,1,0.935,0.9829,0.5795,0.62
9.3626,B,1,0.9367,0.9407,0.6202,0.6214
9.4405,B,1,0.9002,0.8151,0.6836,0.6219
9.5196,B,1,0.8527,0.7417,0.72,0.6254
9.598500000000001,B,1,0.8076,0.7025,0.7564,0.5974
9.6758,B,1,0.7448,0.5984,0.809,0.6047
9.754600000000002,B,1,0.7263,0.6829,0.7588,0.6127
9.8337,B,1,0.7406,0.7742,0.7139,0.6165
9.912700000000001,B,1,0.7752,0.856,0.6651,0.6077
9.9907,B,1,0.8308,0.9603,0.6071,0.6136
10.0699,B,1,0.8792,0.9921,0.5648,0.6116
10.148800000000001,B,1,0.9131,0.9922,0.5558,0.6118
10.2248,B,1,0.9368,0.9922,0.5579,0.6055
10.3038,B,1,0.9419,0.9538,0.5883,0.6132
10.382800000000001,B,1,0.925,0.8855,0.6341,0.6154
10.4609,B,1,0.8793,0.7727,0.6949,0.6128
10.539700000000002,B,1,0.8073,0.6391,0.7502,0.6278
10.6186,B,1,0.7487,0.6119,0.767,0.6132
10.698,B,1,0.6974,0.5778,0.7765,0.6124
10.7756,B,1,0.6558,0.5588,0.7758,0.6217
10.853700000000002,B,1,0.6627,0.6788,0.7409,0.6194
10.9341,B,1,0.7074,0.8116,0.6722,0.6125
11.011700000000001,B,1,0.7757,0.9353,0.6044,0.6102
11.0907,B,1,0.8237,0.9357,0.597,0.6207
11.1697,B,1,0.866,0.9645,0.5695,0.6232
11.247900000000001,B,1,0.8914,0.9507,0.5821,0.6161
11.3269,B,1,0.8862,0.8741,0.6247,0.618
11.406,B,1,0.8537,0.7778,0.6739,0.6166
11.4847,B,1,0.7755,0.5931,0.7468,0.6395
11.563500000000001,B,1,0.6744,0.4384,0.8165,0.6355
11.6408,B,1,0.5884,0.3878,0.8434,0.6305
11.7194,B,1,0.5254,0.3784,0.8438,0.6359
11.7984,B,1,0.5047,0.4564,0.8127,0.6344
11.877500000000001,B,1,0.5373,0.6133,0.7454,0.6386
11.9564,B,1,0.5986,0.7417,0.6934,0.6222
12.035400000000001,B,1,0.6243,0.6842,0.7007,0.6564
12.1135,B,1,0.6958,0.8627,0.6335,0.6176
12.1927,B,1,0.7267,0.7987,0.6519,0.6453
12.271500000000001,B,1,0.7332,0.7484,0.6692,0.6496
12.350700000000002,B,1,0.6921,0.5962,0.7343,0.6573
12.429400000000001,B,1,0.5953,0.3694,0.8237,0.6668
12.5075,B,1,0.5002,0.2785,0.8737,0.673
12.586400000000001,B,1,0.4275,0.2579,0.9058,0.6632
12.663400000000001,B,1,0.3743,0.25,0.9087,0.665
12.7415,B,1,0.3328,0.236,0.9235,0.6631
12.820500000000001,B,1,0.3163,0.2778,0.8893,0.6682
12.899500000000002,B,1,0.3282,0.3558,0.8359,0.6644
12.9785,B,1,0.4254,0.6524,0.7215,0.6556
13.0576,B,1,0.4214,0.4121,0.7992,0.6963
13.1364,B,1,0.4269,0.4398,0.7813,0.7055
13.2155,B,1,0.4749,0.5868,0.7251,0.6884
13.293500000000002,B,1,0.4342,0.3393,0.8144,0.7094
13.3725,B,1,0.4353,0.4379,0.8013,0.6745
13.451400000000001,B,1,0.3841,0.2647,0.8819,0.6835
13.5304,B,1,0.3321,0.2105,0.9227,0.6911
13.6067,B,1,0.3092,0.2558,0.9088,0.6604
13.685500000000001,B,1,0.2771,0.2023,0.9433,0.6817
13.764000000000001,B,1,0.2543,0.2011,0.9519,0.6904
13.843100000000002,B,1,0.2466,0.2286,0.9076,0.7046
13.920100000000001,B,1,0.2681,0.3182,0.8484,0.6991
13.9991,B,1,0.3182,0.435,0.8002,0.6938
14.077100000000002,B,1,0.3828,0.5337,0.7713,0.6797
14.1559,B,1,0.4456,0.5922,0.7263,0.6979
14.234900000000001,B,1,0.5253,0.7111,0.6942,0.6696
14.3139,B,1,0.5318,0.547,0.7651,0.6665
14.391800000000002,B,1,0.4711,0.3297,0.8381,0.6928
14.4709,B,1,0.4216,0.306,0.8672,0.678
14.549900000000001,B,1,0.3685,0.2446,0.9041,0.6807
14.6278,B,1,0.339,0.2703,0.9099,0.6498
14.706800000000001,B,1,0.3034,0.2204,0.9281,0.6668
14.7863,B,1,0.3087,0.3209,0.8757,0.6551
14.865200000000002,B,1,0.3118,0.3191,0.8717,0.6646
14.9433,B,1,0.3072,0.2963,0.8654,0.6961
15.038200000000002,A,2,0.3855,0.5684,0.756,0.6732
15.117400000000002,A,2,0.4348,0.5497,0.7614,0.6923
15.1963,A,2,0.5122,0.6927,0.7142,0.6688
15.2743,A,2,0.5046,0.487,0.7761,0.7034
15.3544,A,2,0.4429,0.299,0.8533,0.7126
15.433300000000001,A,2,0.4239,0.3795,0.8269,0.6851
15.512400000000001,A,2,0.3748,0.2602,0.8871,0.6964
15.590300000000001,A,2,0.3233,0.203,0.9323,0.663
15.6684,A,2,0.2808,0.1818,0.9581,0.6778
15.746400000000001,A,2,0.2524,0.1859,0.9487,0.6889
15.8244,A,2,0.2367,0.2,0.9305,0.6796
15.9044,A,2,0.2716,0.3532,0.8438,0.6934
15.983400000000001,A,2,0.3179,0.4257,0.812,0.6936
16.060399999999998,A,2,0.3732,0.5025,0.7914,0.6825
16.1394,A,2,0.4216,0.5343,0.7721,0.6899
16.2183,A,2,0.4868,0.639,0.7364,0.6754
16.2964,A,2,0.4485,0.3592,0.8269,0.7145
16.3755,A,2,0.4285,0.3816,0.8256,0.6947
16.4544,A,2,0.3504,0.1683,0.945,0.7093
16.5334,A,2,0.2955,0.1675,0.9635,0.6985
16.6114,A,2,0.2354,0.0952,1.0488,0.7272
16.6903,A,2,0.2217,0.1896,0.9559,0.6796
16.769099999999998,A,2,0.1863,0.1038,1.0246,0.7485
16.847099999999998,A,2,0.1572,0.0892,1.0489,0.7374
16.9266,A,2,0.1717,0.2056,0.9222,0.7291
17.005599999999998,A,2,0.1955,0.2512,0.8876,0.7349
17.084699999999998,A,2,0.223,0.287,0.8641,0.7411
17.162699999999997,A,2,0.2211,0.2166,0.896,0.7478
17.2427,A,2,0.2373,0.2752,0.8768,0.7295
17.3207,A,2,0.2113,0.1507,0.9617,0.7494
17.3996,A,2,0.1861,0.1273,0.9855,0.7554
17.4786,A,2,0.1425,0.0407,1.0899,0.7752
17.5567,A,2,0.1362,0.1216,1.0165,0.7244
17.6357,A,2,0.1115,0.0538,1.0895,0.7408
17.7148,A,2,0.0794,0.0045,1.1832,0.819
17.7939,A,2,0.0769,0.0711,1.0766,0.7591
17.8727,A,2,0.0645,0.0354,1.0955,0.7893
17.950799999999997,A,2,0.0636,0.0617,1.0544,0.8055
18.0287,A,2,0.0748,0.1009,1.0216,0.7967
18.1088,A,2,0.0943,0.1397,0.9905,0.7885
18.1878,A,2,0.0934,0.0913,1.0207,0.8194
18.2668,A,2,0.1199,0.1818,0.959,0.7686
18.3448,A,2,0.1085,0.0819,1.0485,0.8067
18.424799999999998,A,2,0.085,0.03,1.1094,0.7866
18.503899999999998,A,2,0.062,0.0085,1.1522,0.8094
18.581799999999998,A,2,0.046,0.0085,1.1842,0.8133
18.660899999999998,A,2,0.036,0.0127,1.1743,0.8101
18.738899999999997,A,2,0.0265,0.0042,1.1989,0.8132
18.8168,A,2,0.0337,0.0504,1.1126,0.7785
18.8939,A,2,0.0336,0.0335,1.1226,0.8134
18.9728,A,2,0.0798,0.1875,0.987,0.7636
19.0508,A,2,0.0982,0.1411,1.0196,0.7967
19.1309,A,2,0.1419,0.2438,0.9363,0.7588
19.209899999999998,A,2,0.1623,0.2099,0.9634,0.7889
19.288899999999998,A,2,0.1812,0.2254,0.9593,0.757
19.366899999999998,A,2,0.1611,0.1143,1.0535,0.7795
19.4468,A,2,0.1774,0.2154,0.9888,0.7406
19.5249,A,2,0.1582,0.1134,1.0666,0.7651
19.6038,A,2,0.1216,0.0363,1.1405,0.7791
19.682499999999997,A,2,0.1092,0.0803,1.1088,0.7391
19.7604,A,2,0.1341,0.192,1.0202,0.7294
19.8385,A,2,0.1524,0.1952,1.0118,0.7432
19.9179,A,2,0.2293,0.4087,0.8747,0.6957
19.997,A,2,0.2696,0.3636,0.8821,0.7232
20.0898,B,2,0.3399,0.5039,0.8095,0.7178
20.186,B,2,0.4132,0.5843,0.783,0.7059
20.2639,B,2,0.451,0.5391,0.8033,0.7041
20.3436,B,2,0.4488,0.4436,0.8486,0.706
20.421499999999998,B,2,0.4374,0.4109,0.8745,0.6886
20.5015,B,2,0.444,0.4595,0.8695,0.6557
20.5797,B,2,0.4031,0.3077,0.9388,0.6812
20.659499999999998,B,2,0.3707,0.295,0.952,0.6826
20.7376,B,2,0.3488,0.2977,0.9476,0.6862
20.8158,B,2,0.3559,0.3726,0.9061,0.6763
20.8931,B,2,0.3662,0.3902,0.892,0.6906
20.973,B,2,0.425,0.5623,0.8151,0.6815
21.051,B,2,0.4881,0.6353,0.7786,0.6824
21.131,B,2,0.5473,0.6854,0.7448,0.6918
21.209,B,2,0.5947,0.7052,0.7321,0.6917
21.2871,B,2,0.6181,0.6729,0.7598,0.6765
21.365,B,2,0.6382,0.6852,0.7617,0.6553
21.4443,B,2,0.6029,0.5203,0.8332,0.6658
21.5243,B,2,0.5477,0.4191,0.8843,0.6597
21.6023,B,2,0.4713,0.293,0.942,0.6846
21.6818,B,2,0.4493,0.3978,0.9023,0.6504
21.7619,B,2,0.417,0.3418,0.9197,0.6698
21.8398,B,2,0.443,0.5036,0.8431,0.658
21.9199,B,2,0.5116,0.6715,0.7788,0.6531
21.997899999999998,B,2,0.5793,0.7374,0.7389,0.6644
22.0748,B,2,0.6593,0.8459,0.6801,0.6515
22.1541,B,2,0.7133,0.8393,0.6808,0.6566
22.2318,B,2,0.7523,0.8434,0.6815,0.6547
22.308799999999998,B,2,0.7256,0.6631,0.7651,0.6778
22.388099999999998,B,2,0.6849,0.5901,0.7991,0.6723
22.465899999999998,B,2,0.621,0.4718,0.8509,0.6612
22.5458,B,2,0.5105,0.2526,0.9606,0.6875
22.6239,B,2,0.4559,0.3287,0.9159,0.6831
22.703799999999998,B,2,0.4059,0.2892,0.9443,0.6735
22.7818,B,2,0.4019,0.3924,0.8926,0.6694
22.8619,B,2,0.4048,0.4118,0.8699,0.689
22.9389,B,2,0.4427,0.531,0.819,0.6869
23.0189,B,2,0.5449,0.7835,0.7237,0.6536
23.096899999999998,B,2,0.6198,0.7945,0.7148,0.6619
23.177,B,2,0.6561,0.7406,0.7355,0.6686
23.2551,B,2,0.7062,0.8231,0.6897,0.6683
23.3336,B,2,0.6987,0.6814,0.7606,0.6588
23.4132,B,2,0.6655,0.5878,0.8052,0.6619
23.4913,B,2,0.6012,0.4512,0.8573,0.67
23.571199999999997,B,2,0.5205,0.3322,0.9084,0.6787
23.6492,B,2,0.4506,0.2876,0.9362,0.6792
23.7273,B,2,0.3884,0.2433,0.953,0.7012
23.8062,B,2,0.3749,0.3433,0.9019,0.6851
23.885199999999998,B,2,0.4354,0.5767,0.8103,0.6634
23.9632,B,2,0.4868,0.6067,0.7889,0.6815
24.0432,B,2,0.5588,0.7267,0.7391,0.6679
24.121199999999998,B,2,0.6151,0.7467,0.7317,0.6698
24.199199999999998,B,2,0.6926,0.8733,0.6598,0.6559
24.276999999999997,B,2,0.7358,0.8367,0.6849,0.6527
24.3549,B,2,0.7401,0.75,0.7327,0.6608
24.435,B,2,0.687,0.5633,0.8081,0.662
24.5128,B,2,0.6129,0.44,0.8675,0.6463
24.5927,B,2,0.5501,0.4033,0.8837,0.6517
24.6697,B,2,0.493,0.36,0.9007,0.6525
24.7468,B,2,0.4641,0.3967,0.8796,0.6618
24.8247,B,2,0.4829,0.5267,0.8353,0.6404
24.9047,B,2,0.538,0.6667,0.7728,0.6393
24.982799999999997,B,2,0.6246,0.8267,0.6967,0.6438
25.063299999999998,B,2,0.7072,0.9,0.6407,0.6482
25.1407,B,2,0.7821,0.9567,0.5973,0.6265
25.2207,B,2,0.8274,0.9333,0.6237,0.6209
25.298099999999998,B,2,0.8652,0.9533,0.6072,0.6105
25.3771,B,2,0.8786,0.91,0.6447,0.6194
25.456799999999998,B,2,0.8471,0.7733,0.7247,0.6271
25.5348,B,2,0.8149,0.74,0.7514,0.621
25.6127,B,2,0.7565,0.62,0.8014,0.6103
25.6909,B,2,0.6985,0.5633,0.8169,0.6286
25.770699999999998,B,2,0.672,0.61,0.7938,0.6313
25.849,B,2,0.7084,0.7933,0.7177,0.6191
25.9268,B,2,0.7529,0.8567,0.6761,0.6188
26.0059,B,2,0.817,0.9667,0.5966,0.6134
26.084799999999998,B,2,0.8659,0.98,0.5754,0.6165
26.1629,B,2,0.9021,0.9867,0.5646,0.6237
26.2428,B,2,0.9195,0.96,0.5827,0.6284
26.3208,B,2,0.9356,0.9733,0.5725,0.6227
26.4009,B,2,0.924,0.8967,0.6418,0.6101
26.477899999999998,B,2,0.8728,0.7533,0.7262,0.6159
26.555799999999998,B,2,0.8249,0.7133,0.7552,0.606
26.6349,B,2,0.7785,0.67,0.7631,0.6184
26.712799999999998,B,2,0.7509,0.6867,0.7579,0.6153
26.7928,B,2,0.7266,0.67,0.7626,0.6163
26.8708,B,2,0.7517,0.81,0.6985,0.62
26.9498,B,2,0.7862,0.8667,0.6563,0.6149
27.0279,B,2,0.8463,0.9867,0.5646,0.6166
27.1059,B,2,0.8924,1.0,0.5427,0.6281
27.182499999999997,B,2,0.9247,1.0,0.5459,0.6094
27.2611,B,2,0.9353,0.96,0.5762,0.6187
27.3401,B,2,0.9327,0.9267,0.6061,0.6082
27.4183,B,2,0.9029,0.8333,0.6688,0.6163
27.4983,B,2,0.854,0.74,0.7192,0.6168
27.5763,B,2,0.7738,0.5867,0.7711,0.6242
27.6552,B,2,0.7187,0.59,0.7774,0.6102
27.7346,B,2,0.6601,0.5233,0.799,0.6256
27.8117,B,2,0.67,0.6933,0.7471,0.6129
27.891399999999997,B,2,0.707,0.7933,0.6919,0.6291
27.9712,B,2,0.7559,0.87,0.6409,0.6274
28.0493,B,2,0.7931,0.88,0.636,0.6135
28.1293,B,2,0.8372,0.94,0.5881,0.6252
28.2062,B,2,0.886,1.0,0.5445,0.6087
28.2853,B,2,0.8922,0.9067,0.6043,0.6287
28.3634,B,2,0.8606,0.7867,0.6838,0.6282
28.4434,B,2,0.8074,0.6833,0.7422,0.6198
28.5214,B,2,0.7422,0.59,0.7667,0.6228
28.6018,B,2,0.6495,0.4333,0.8279,0.634
28.679399999999998,B,2,0.6007,0.4867,0.8125,0.6275
28.7574,B,2,0.5445,0.4133,0.8304,0.646
28.836299999999998,B,2,0.5311,0.5,0.8039,0.6288
28.915,B,2,0.5808,0.6967,0.7268,0.6464
28.994799999999998,B,2,0.6236,0.7233,0.716,0.6351
29.0747,B,2,0.6865,0.8333,0.6553,0.6375
29.153,B,2,0.7415,0.87,0.6283,0.643
29.232599999999998,B,2,0.7501,0.77,0.6857,0.6472
29.308999999999997,B,2,0.7641,0.7967,0.6788,0.6313
29.3879,B,2,0.7368,0.6733,0.732,0.6386
29.468,B,2,0.6278,0.3733,0.8327,0.6628
29.5455,B,2,0.5445,0.35,0.8443,0.6583
29.6236,B,2,0.4751,0.3133,0.8844,0.6354
29.7011,B,2,0.4016,0.23,0.9171,0.6558
29.779,B,2,0.3731,0.3067,0.8804,0.6511
29.858999999999998,B,2,0.3902,0.43,0.8207,0.658
29.936999999999998,B,2,0.4531,0.6,0.7522,0.6527
30.016,B,2,0.5282,0.7033,0.7244,0.6515
30.1089,A,3,0.6097,0.8,0.6646,0.6658
30.188,A,3,0.6648,0.7933,0.6623,0.6784
30.267,A,3,0.6374,0.5733,0.7377,0.6876
30.3461,A,3,0.6102,0.5467,0.7617,0.6647
30.425,A,3,0.6091,0.6067,0.7564,0.6385
30.503999999999998,A,3,0.5714,0.4833,0.8055,0.6434
30.583,A,3,0.477,0.2567,0.9069,0.6515
30.662,A,3,0.4049,0.2367,0.9121,0.6577
30.739,A,3,0.3334,0.1667,0.9412,0.6794
30.817999999999998,A,3,0.3344,0.3367,0.8686,0.6575
30.897,A,3,0.3951,0.5367,0.7804,0.6504
30.975099999999998,A,3,0.5046,0.76,0.7074,0.6361
31.054,A,3,0.6122,0.8633,0.6375,0.6338
31.133399999999998,A,3,0.7045,0.92,0.602,0.6154
31.2121,A,3,0.7442,0.8367,0.6424,0.6529
31.2911,A,3,0.7649,0.8133,0.6667,0.636
31.3691,A,3,0.7064,0.57,0.7571,0.6613
31.4486,A,3,0.7085,0.7133,0.7308,0.6175
31.5278,A,3,0.602,0.3533,0.8633,0.6538
31.6066,A,3,0.5314,0.3667,0.8552,0.6472
31.683999999999997,A,3,0.489,0.39,0.8533,0.6356
31.763099999999998,A,3,0.4733,0.4367,0.8333,0.6363
31.8421,A,3,0.4933,0.54,0.7876,0.6372
31.9216,A,3,0.5373,0.64,0.7396,0.6618
31.998699999999996,A,3,0.5811,0.6833,0.73,0.6622
32.077600000000004,A,3,0.6388,0.7733,0.6926,0.6502
32.156800000000004,A,3,0.7071,0.8667,0.6352,0.6451
32.235600000000005,A,3,0.755,0.8667,0.632,0.6463
32.3147,A,3,0.7315,0.6767,0.7308,0.6603
32.392900000000004,A,3,0.6851,0.5767,0.7592,0.6514
32.470000000000006,A,3,0.5915,0.3733,0.8502,0.6483
32.548100000000005,A,3,0.5171,0.3433,0.8644,0.659
32.627100000000006,A,3,0.426,0.2133,0.919,0.6629
32.706,A,3,0.3862,0.2933,0.8916,0.6561
32.784200000000006,A,3,0.3163,0.1533,0.9448,0.6948
32.8631,A,3,0.3114,0.3,0.8775,0.678
32.9421,A,3,0.34,0.4067,0.8232,0.692
33.021100000000004,A,3,0.399,0.5367,0.769,0.6821
33.100100000000005,A,3,0.4813,0.6733,0.724,0.6775
33.179100000000005,A,3,0.5739,0.79,0.6825,0.6644
33.2561,A,3,0.5447,0.4767,0.7903,0.6947
33.3352,A,3,0.4913,0.3667,0.841,0.6963
33.4142,A,3,0.4499,0.3533,0.8442,0.7013
33.4924,A,3,0.3629,0.16,0.9403,0.6974
33.571400000000004,A,3,0.2941,0.1333,0.9525,0.6964
33.650400000000005,A,3,0.2258,0.0667,1.0712,0.7211
33.729400000000005,A,3,0.1921,0.1133,1.0033,0.7097
33.807300000000005,A,3,0.1695,0.1167,0.9882,0.7326
33.8845,A,3,0.1496,0.1033,0.9966,0.7388
33.9634,A,3,0.1777,0.2433,0.8839,0.7223
34.0403,A,3,0.1874,0.21,0.8961,0.7409
34.1195,A,3,0.1722,0.1367,0.9222,0.7777
34.1983,A,3,0.1865,0.22,0.8867,0.7464
34.2753,A,3,0.1916,0.2033,0.9032,0.7454
34.3545,A,3,0.1711,0.1233,0.963,0.7632
34.4333,A,3,0.1458,0.0867,1.0071,0.769
34.5123,A,3,0.11,0.0267,1.1118,0.7851
34.591300000000004,A,3,0.085,0.0267,1.1247,0.7795
34.6704,A,3,0.0675,0.0267,1.1295,0.7718
34.749500000000005,A,3,0.0533,0.02,1.148,0.7911
34.8284,A,3,0.0483,0.0367,1.1236,0.7715
34.907000000000004,A,3,0.0488,0.05,1.0961,0.8013
34.986000000000004,A,3,0.0652,0.1033,1.0104,0.7881
35.065000000000005,A,3,0.1386,0.31,0.8758,0.7289
35.1589,B,3,0.151,0.18,0.9067,0.7806
35.2391,B,3,0.1397,0.1133,0.975,0.817
35.319100000000006,B,3,0.1368,0.13,0.9847,0.7751
35.3973,B,3,0.1228,0.09,1.0301,0.7818
35.4772,B,3,0.1019,0.0533,1.1075,0.7789
35.554500000000004,B,3,0.0834,0.04,1.1208,0.7696
35.6327,B,3,0.0723,0.0467,1.1243,0.761
35.7107,B,3,0.0526,0.0067,1.1926,0.8107
35.788700000000006,B,3,0.0539,0.0567,1.1145,0.7753
35.866800000000005,B,3,0.0597,0.0733,1.0947,0.7792
35.944700000000005,B,3,0.0728,0.1033,1.0469,0.7807
36.0247,B,3,0.111,0.2,0.9362,0.7568
36.1028,B,3,0.1617,0.28,0.8982,0.7466
36.182700000000004,B,3,0.1982,0.2833,0.8959,0.7504
36.2607,B,3,0.2287,0.3,0.8932,0.7408
36.3388,B,3,0.2741,0.38,0.874,0.7146
36.416000000000004,B,3,0.2479,0.1867,0.9765,0.7383
36.495000000000005,B,3,0.2245,0.17,1.0013,0.7247
36.573,B,3,0.1822,0.0833,1.0959,0.7562
36.651,B,3,0.1815,0.18,1.0041,0.7136
36.730900000000005,B,3,0.1531,0.0867,1.0918,0.7485
36.809000000000005,B,3,0.1711,0.2133,0.9863,0.7009
36.8891,B,3,0.1888,0.23,0.9507,0.7098
36.967000000000006,B,3,0.2012,0.23,0.9335,0.7522
37.047000000000004,B,3,0.2718,0.4367,0.8577,0.7157
37.125,B,3,0.3953,0.6833,0.7522,0.6896
37.203,B,3,0.4697,0.6433,0.7673,0.6859
37.283100000000005,B,3,0.4718,0.4767,0.839,0.716
37.3611,B,3,0.4342,0.3467,0.8852,0.7311
37.441100000000006,B,3,0.377,0.2433,0.9466,0.7105
37.518100000000004,B,3,0.3259,0.2067,0.9764,0.7297
37.597100000000005,B,3,0.2771,0.1633,1.0182,0.7183
37.6741,B,3,0.246,0.1733,1.0158,0.7069
37.7531,B,3,0.2402,0.2267,0.9776,0.6968
37.8311,B,3,0.2491,0.27,0.9471,0.7005
37.9106,B,3,0.3254,0.5033,0.8514,0.6822
37.990700000000004,B,3,0.4108,0.61,0.8014,0.6729
38.0686,B,3,0.4455,0.5267,0.8248,0.7123
38.148700000000005,B,3,0.5409,0.7633,0.7343,0.6657
38.2267,B,3,0.5516,0.5767,0.8023,0.7016
38.3067,B,3,0.5281,0.4733,0.8397,0.7194
38.384800000000006,B,3,0.5027,0.4433,0.8551,0.7143
38.464800000000004,B,3,0.4609,0.3633,0.9056,0.6841
38.5427,B,3,0.4136,0.3033,0.9396,0.6886
38.6208,B,3,0.3735,0.28,0.9549,0.6779
38.698800000000006,B,3,0.3295,0.2267,0.9832,0.6934
38.776900000000005,B,3,0.3086,0.26,0.9537,0.6977
38.855900000000005,B,3,0.315,0.33,0.9308,0.695
38.9348,B,3,0.3435,0.41,0.8801,0.718
39.012800000000006,B,3,0.3885,0.4933,0.8384,0.7167
39.092800000000004,B,3,0.4549,0.61,0.7905,0.6953
39.1708,B,3,0.4905,0.5733,0.812,0.6976
39.2488,B,3,0.4933,0.5,0.8324,0.7192
39.328900000000004,B,3,0.5233,0.5933,0.8025,0.6942
39.406800000000004,B,3,0.4273,0.2033,0.975,0.7468
39.486900000000006,B,3,0.3641,0.2167,0.9793,0.7269
39.564800000000005,B,3,0.2939,0.13,1.0445,0.7464
39.644800000000004,B,3,0.2577,0.1733,1.0178,0.7115
39.7228,B,3,0.2324,0.1733,1.0162,0.715
39.7989,B,3,0.2397,0.2567,0.965,0.7006
39.878800000000005,B,3,0.3138,0.4867,0.8655,0.6729
39.956900000000005,B,3,0.3106,0.3033,0.9262,0.7308
40.0368,B,3,0.3865,0.5633,0.8192,0.6997
40.1148,B,3,0.4865,0.72,0.7449,0.6762
40.192800000000005,B,3,0.5376,0.6567,0.7676,0.692
40.272800000000004,B,3,0.5413,0.55,0.811,0.715
40.3523,B,3,0.4659,0.29,0.9231,0.7425
40.4303,B,3,0.4311,0.35,0.9123,0.7161
40.5107,B,3,0.4118,0.3667,0.9162,0.6766
40.5884,B,3,0.3583,0.2333,0.9834,0.7003
40.6678,B,3,0.3238,0.2433,0.9755,0.6974
40.745900000000006,B,3,0.3186,0.3067,0.9469,0.6885
40.8258,B,3,0.3361,0.3767,0.9121,0.6762
40.904,B,3,0.3402,0.35,0.9192,0.7082
40.9819,B,3,0.3852,0.49,0.8511,0.6937
41.0608,B,3,0.4646,0.65,0.7717,0.6912
41.1387,B,3,0.5742,0.83,0.6921,0.6749
41.218700000000005,B,3,0.595,0.6433,0.779,0.6786
41.2967,B,3,0.6365,0.7333,0.7448,0.664
41.375800000000005,B,3,0.6885,0.81,0.7238,0.6491
41.4534,B,3,0.646,0.5467,0.8382,0.6615
41.5315,B,3,0.5842,0.44,0.8858,0.6514
41.6096,B,3,0.5289,0.4,0.9023,0.6554
41.6878,B,3,0.4982,0.4267,0.8945,0.6466
41.7652,B,3,0.5138,0.55,0.8481,0.6385
41.845200000000006,B,3,0.5576,0.66,0.7933,0.6306
41.9223,B,3,0.6363,0.82,0.7162,0.6393
41.999900000000004,B,3,0.7014,0.8533,0.6993,0.6299
42.0795,B,3,0.773,0.94,0.6356,0.6172
42.157500000000006,B,3,0.8251,0.9467,0.6088,0.6329
42.2374,B,3,0.8686,0.97,0.5941,0.6125
42.315400000000004,B,3,0.894,0.9533,0.6004,0.6197
42.3954,B,3,0.8788,0.8433,0.6994,0.6242
42.472500000000004,B,3,0.8422,0.7567,0.7459,0.633
42.5495,B,3,0.7745,0.6167,0.7976,0.6325
42.6293,B,3,0.7562,0.7133,0.7697,0.6089
42.7074,B,3,0.7123,0.61,0.8024,0.6272
42.7845,B,3,0.6826,0.6133,0.7964,0.6346
42.8613,B,3,0.6908,0.71,0.7545,0.6383
42.941700000000004,B,3,0.7536,0.9,0.658,0.6131
43.0184,B,3,0.8155,0.96,0.596,0.619
43.0974,B,3,0.8679,0.99,0.5569,0.6092
43.177400000000006,B,3,0.9035,0.9867,0.5629,0.615
43.255300000000005,B,3,0.9194,0.9567,0.6013,0.6016
43.3352,B,3,0.9216,0.9267,0.6093,0.6246
43.4132,B,3,0.8991,0.8467,0.6918,0.6214
43.492200000000004,B,3,0.8754,0.82,0.7077,0.6087
43.571200000000005,B,3,0.8118,0.6633,0.7636,0.6323
43.6492,B,3,0.7402,0.5733,0.8011,0.6285
43.7293,B,3,0.7132,0.65,0.7779,0.6132
43.8093,B,3,0.7282,0.7633,0.7385,0.6175
43.8868,B,3,0.7668,0.8567,0.6928,0.599
43.9664,B,3,0.7967,0.8667,0.6725,0.6127
44.0465,B,3,0.8337,0.92,0.6139,0.6333
44.1235,B,3,0.8726,0.9633,0.5899,0.6196
44.2014,B,3,0.9068,0.9867,0.5578,0.624
44.2805,B,3,0.9248,0.9667,0.5803,0.6086
44.3588,B,3,0.9203,0.91,0.6244,0.6098
44.438900000000004,B,3,0.8802,0.7867,0.7053,0.6191
44.5148,B,3,0.8372,0.7367,0.7324,0.617
44.5925,B,3,0.779,0.6433,0.77,0.6136
44.6693,B,3,0.7113,0.5533,0.7989,0.6216
44.7496,B,3,0.6519,0.5133,0.8099,0.6268
44.827200000000005,B,3,0.6153,0.53,0.8022,0.6276
44.9071,B,3,0.6617,0.77,0.7135,0.6163
44.985400000000006,B,3,0.7242,0.87,0.6518,0.6206
45.0641,B,3,0.794,0.9567,0.5899,0.6193
45.1421,B,3,0.8308,0.9167,0.5927,0.6421
45.236000000000004,A,4,0.8555,0.9133,0.6027,0.6281
45.313,A,4,0.8399,0.8033,0.68,0.6479
45.3909,A,4,0.8079,0.7333,0.7155,0.6351
45.4698,A,4,0.7755,0.7,0.7365,0.6279
45.5489,A,4,0.7099,0.5567,0.7922,0.6284
45.6282,A,4,0.6269,0.4333,0.849,0.628
45.706700000000005,A,4,0.5688,0.4333,0.8456,0.6351
45.785700000000006,A,4,0.4982,0.3333,0.876,0.6593
45.8646,A,4,0.5657,0.7233,0.7241,0.6314
45.9437,A,4,0.574,0.5933,0.7527,0.6613
46.021100000000004,A,4,0.6458,0.8133,0.6783,0.6403
46.099000000000004,A,4,0.7161,0.88,0.6361,0.6254
46.176700000000004,A,4,0.7732,0.9067,0.6043,0.6311
46.255700000000004,A,4,0.8073,0.8867,0.624,0.6345
46.3327,A,4,0.8101,0.8167,0.6718,0.6332
46.4117,A,4,0.7901,0.7433,0.7097,0.6317
46.4908,A,4,0.717,0.5467,0.7808,0.6383
46.569100000000006,A,4,0.6529,0.5033,0.7995,0.6313
46.6479,A,4,0.5731,0.3867,0.8546,0.6382
46.726800000000004,A,4,0.5361,0.45,0.8241,0.6384
46.805800000000005,A,4,0.5153,0.4667,0.8192,0.6393
46.884800000000006,A,4,0.5627,0.6733,0.7395,0.6337
46.9639,A,4,0.6319,0.7933,0.68,0.6394
47.0433,A,4,0.7093,0.89,0.6145,0.6359
47.1218,A,4,0.7785,0.94,0.592,0.6211
47.2,A,4,0.827,0.94,0.5942,0.6154
47.2789,A,4,0.8389,0.8667,0.6333,0.624
47.3579,A,4,0.8262,0.7967,0.675,0.6299
47.4369,A,4,0.7804,0.6733,0.731,0.6369
47.5159,A,4,0.7382,0.64,0.7607,0.6059
47.5951,A,4,0.6388,0.4067,0.8462,0.6229
47.6739,A,4,0.5831,0.4533,0.8223,0.6219
47.752900000000004,A,4,0.5712,0.5433,0.7915,0.6168
47.831900000000005,A,4,0.5898,0.6333,0.7513,0.6235
47.910900000000005,A,4,0.6359,0.7433,0.7064,0.6193
47.989900000000006,A,4,0.6861,0.8033,0.6728,0.6305
48.0687,A,4,0.7413,0.87,0.6369,0.6148
48.1477,A,4,0.8069,0.96,0.5759,0.6199
48.2267,A,4,0.8588,0.98,0.5691,0.6051
48.3037,A,4,0.8672,0.8867,0.6092,0.6249
48.3827,A,4,0.846,0.7967,0.6702,0.6196
48.4598,A,4,0.7692,0.59,0.7559,0.6321
48.538700000000006,A,4,0.6665,0.4267,0.8294,0.6223
48.615500000000004,A,4,0.5975,0.4367,0.817,0.6356
48.6944,A,4,0.5763,0.5267,0.7931,0.6159
48.773500000000006,A,4,0.5294,0.42,0.8256,0.6338
48.8526,A,4,0.5286,0.5267,0.7899,0.6248
48.9315,A,4,0.555,0.6167,0.7468,0.637
49.0095,A,4,0.6195,0.77,0.6927,0.6233
49.0885,A,4,0.6846,0.8367,0.6373,0.6465
49.1677,A,4,0.7313,0.84,0.643,0.6283
49.2464,A,4,0.7579,0.82,0.6462,0.6424
49.326,A,4,0.7765,0.82,0.6502,0.6288
49.4022,A,4,0.7416,0.66,0.7228,0.6519
49.4819,A,4,0.6511,0.44,0.8061,0.6601
49.5606,A,4,0.5368,0.27,0.9057,0.65
49.6396,A,4,0.4607,0.2833,0.8921,0.6522
49.718700000000005,A,4,0.4105,0.2933,0.8871,0.6573
49.797700000000006,A,4,0.3404,0.1767,0.9566,0.6815
49.8766,A,4,0.3543,0.3867,0.8368,0.6654
49.9562,A,4,0.427,0.5967,0.75,0.6511
50.0352,A,4,0.4949,0.6533,0.7363,0.6502
50.1146,A,4,0.5444,0.66,0.7185,0.6772
50.1936,A,4,0.5811,0.6667,0.7231,0.662
50.286500000000004,B,4,0.5738,0.5567,0.747,0.6836
50.3646,B,4,0.5396,0.46,0.797,0.6722
50.4446,B,4,0.4617,0.28,0.8781,0.6952
50.522200000000005,B,4,0.3862,0.21,0.9276,0.694
50.6023,B,4,0.2914,0.07,1.0298,0.7266
50.6803,B,4,0.2219,0.06,1.0521,0.7405
50.7573,B,4,0.1894,0.1133,1.0035,0.7035
50.836200000000005,B,4,0.1566,0.08,1.018,0.7391
50.914,B,4,0.1926,0.2767,0.8966,0.6893
50.994,B,4,0.1928,0.1933,0.9234,0.7388
51.072900000000004,B,4,0.179,0.1467,0.932,0.7812
51.1509,B,4,0.2283,0.3433,0.8357,0.7313
51.2299,B,4,0.2348,0.25,0.8903,0.7461
51.307900000000004,B,4,0.2144,0.1667,0.9314,0.7564
51.3858,B,4,0.186,0.12,0.974,0.7507
51.4658,B,4,0.1432,0.0433,1.0882,0.7896
51.5459,B,4,0.1263,0.0867,1.0103,0.7404
51.623900000000006,B,4,0.1194,0.1033,1.0162,0.7075
51.703500000000005,B,4,0.0956,0.04,1.1131,0.7606
51.782500000000006,B,4,0.0819,0.05,1.0953,0.7682
51.8605,B,4,0.0853,0.0933,1.0151,0.742
51.937400000000004,B,4,0.1047,0.15,0.9696,0.7508
52.0154,B,4,0.1453,0.24,0.9149,0.7471
52.095600000000005,B,4,0.1387,0.1233,0.9649,0.7928
52.1734,B,4,0.1531,0.1867,0.9263,0.785
52.2515,B,4,0.1622,0.1833,0.9393,0.7635
52.3314,B,4,0.1815,0.2267,0.9154,0.7615
52.4095,B,4,0.1501,0.0767,1.0333,0.7618
52.4898,B,4,0.13,0.0833,1.0324,0.7365
52.569700000000005,B,4,0.109,0.06,1.0734,0.7432
52.6496,B,4,0.0963,0.0667,1.0606,0.75
52.7276,B,4,0.0854,0.06,1.0803,0.7472
52.8076,B,4,0.0858,0.0867,1.0416,0.7492
52.8838,B,4,0.0921,0.1067,1.0166,0.7469
52.961800000000004,B,4,0.1694,0.35,0.887,0.7166
53.0407,B,4,0.2536,0.45,0.8319,0.7208
53.1197,B,4,0.2985,0.4033,0.8482,0.7297
53.1997,B,4,0.308,0.33,0.8848,0.7457
53.2777,B,4,0.3326,0.39,0.8556,0.7329
53.3577,B,4,0.3188,0.2867,0.9219,0.7237
53.4337,B,4,0.2882,0.2167,0.9468,0.7427
53.5139,B,4,0.2567,0.1833,0.9847,0.72
53.592800000000004,B,4,0.2267,0.1567,1.0073,0.7061
53.672000000000004,B,4,0.1887,0.1,1.0434,0.7166
53.749900000000004,B,4,0.1531,0.07,1.0686,0.7369
53.828900000000004,B,4,0.1852,0.26,0.9498,0.7029
53.908,B,4,0.2046,0.25,0.95,0.718
53.9868,B,4,0.2922,0.4967,0.8318,0.7006
54.0647,B,4,0.3386,0.4467,0.8464,0.717
54.1436,B,4,0.386,0.4967,0.8335,0.7092
54.2226,B,4,0.4532,0.61,0.7702,0.6909
54.301700000000004,B,4,0.4492,0.44,0.8513,0.7109
54.380700000000004,B,4,0.4365,0.4067,0.8711,0.7041
54.4596,B,4,0.3815,0.2533,0.9503,0.7144
54.5386,B,4,0.3291,0.2067,0.9753,0.7195
54.6177,B,4,0.2913,0.2033,0.9874,0.7037
54.6967,B,4,0.2389,0.1167,1.0283,0.7224
54.7757,B,4,0.2293,0.2067,0.991,0.7008
54.8549,B,4,0.2265,0.22,0.9849,0.7021
54.9337,B,4,0.2815,0.41,0.8834,0.699
55.011700000000005,B,4,0.2601,0.21,0.9603,0.7536
55.090700000000005,B,4,0.2961,0.38,0.8803,0.7456
55.1687,B,4,0.3642,0.5233,0.8259,0.7131
55.246700000000004,B,4,0.37,0.3833,0.8838,0.7373
55.3258,B,4,0.41,0.5033,0.8405,0.7092
55.4048,B,4,0.387,0.3333,0.9233,0.7231
55.4838,B,4,0.3309,0.2,0.9711,0.7425
55.5628,B,4,0.2526,0.07,1.0659,0.7455
55.6419,B,4,0.1798,0.01,1.1465,0.7536
55.720800000000004,B,4,0.1439,0.06,1.0937,0.7537
55.7999,B,4,0.1257,0.0833,1.0615,0.7485
55.878800000000005,B,4,0.124,0.12,1.0207,0.7521
55.9583,B,4,0.2138,0.4233,0.8922,0.7112
56.0373,B,4,0.2417,0.3067,0.9289,0.741
56.1163,B,4,0.2152,0.1533,0.9797,0.7877
56.1953,B,4,0.2156,0.2167,0.95,0.7841
56.2744,B,4,0.2599,0.3633,0.9105,0.7488
56.3524,B,4,0.213,0.1033,1.0202,0.7892
56.4315,B,4,0.1711,0.0733,1.0561,0.7696
56.5105,B,4,0.1487,0.0967,1.0572,0.7368
56.589400000000005,B,4,0.1221,0.06,1.0884,0.7643
56.6664,B,4,0.1085,0.0767,1.0713,0.7457
56.744400000000006,B,4,0.1129,0.1233,1.0517,0.7291
56.8226,B,4,0.1041,0.0833,1.0651,0.7501
56.901700000000005,B,4,0.1128,0.1333,1.0275,0.7716
56.9803,B,4,0.194,0.3833,0.9179,0.7399
57.0583,B,4,0.2938,0.5267,0.8465,0.7283
57.136300000000006,B,4,0.2897,0.28,0.9382,0.7831
57.2154,B,4,0.3438,0.47,0.8783,0.7285
57.294700000000006,B,4,0.3466,0.3533,0.9258,0.7405
57.3737,B,4,0.3406,0.3267,0.9334,0.7429
57.4527,B,4,0.3024,0.2133,0.9884,0.736
57.5307,B,4,0.2287,0.0567,1.1003,0.7571
57.609700000000004,B,4,0.2161,0.1867,1.0207,0.7077
57.6875,B,4,0.1923,0.1367,1.051,0.7249
57.7665,B,4,0.2536,0.3967,0.9371,0.6977
57.8457,B,4,0.2375,0.2,0.9986,0.7449
57.9245,B,4,0.3173,0.5033,0.868,0.7051
58.002700000000004,B,4,0.3981,0.5867,0.8239,0.705
58.0812,B,4,0.4687,0.6333,0.7872,0.7032
58.1608,B,4,0.5391,0.7033,0.7613,0.6894
58.2398,B,4,0.5963,0.73,0.7466,0.6769
58.3188,B,4,0.6244,0.69,0.7746,0.6732
58.397800000000004,B,4,0.6211,0.6133,0.804,0.6771
58.4759,B,4,0.6008,0.5533,0.8625,0.6574
58.554700000000004,B,4,0.5505,0.4333,0.9104,0.6766
58.633100000000006,B,4,0.5474,0.54,0.8737,0.6455
58.711200000000005,B,4,0.5252,0.4733,0.8953,0.6597
58.790200000000006,B,4,0.5326,0.55,0.8664,0.6538
58.868100000000005,B,4,0.5548,0.6067,0.8265,0.6536
58.947700000000005,B,4,0.6384,0.8333,0.7031,0.6293
59.0275,B,4,0.7179,0.9033,0.6449,0.6307
59.1053,B,4,0.7835,0.9367,0.6118,0.6266
59.184400000000004,B,4,0.8275,0.93,0.6099,0.6328
59.2614,B,4,0.8402,0.87,0.6609,0.6459
59.340500000000006,B,4,0.8532,0.8833,0.6507,0.6267
59.4194,B,4,0.8472,0.8333,0.699,0.6231
59.4971,B,4,0.784,0.6367,0.7941,0.65
59.5748,B,4,0.7358,0.6233,0.8142,0.6344
59.654,B,4,0.6851,0.5667,0.8445,0.6341
59.7321,B,4,0.6546,0.5833,0.8318,0.6245
59.8117,B,4,0.6792,0.7367,0.7638,0.6184
59.8911,B,4,0.7144,0.7967,0.7218,0.6277
59.969500000000004,B,4,0.7701,0.9,0.6475,0.6076
60.048500000000004,B,4,0.8001,0.87,0.6587,0.6306
60.127500000000005,B,4,0.8441,0.9467,0.6057,0.6227
60.206500000000005,B,4,0.8758,0.95,0.5984,0.6346
