t_session_sec,abs_ts,phase_rec,trial_idx_rec,attention_rec,attention_pct_rec,attention_window_open_rec,relaxation_rec,relaxation_pct_rec,relaxation_window_open_rec,simulation_intensity_rec,simulation_intensity_pct_rec,simulation_intensity_window_open_rec,theta_power_rec,alpha_power_rec,smr_power_rec,beta1_power_rec
0.1199,1785919378.671880,A,1,0.5000,0.5000,0,0.5000,0.5000,0,0.5000,0.5000,0,0.3280,1.2102,0.8836,0.5058
0.2433,1785919378.793091,A,1,0.5000,0.5000,0,0.5000,0.5000,0,0.5000,0.5000,0,0.2958,1.2350,0.9383,0.5217
0.3535,1785919378.903509,A,1,0.5000,0.5000,0,0.5000,0.5000,0,0.5000,0.5000,0,0.2799,1.2709,0.9676,0.5413
0.4641,1785919379.013982,A,1,0.5000,0.5000,0,0.5000,0.5000,0,0.5000,0.5000,0,0.2961,1.2280,0.9398,0.5347
0.5751,1785919379.124869,A,1,0.5000,0.5000,0,0.5000,0.5000,0,0.5000,0.5000,0,0.2637,1.2561,1.0212,0.5799
0.6852,1785919379.235068,A,1,0.5000,0.5000,0,0.5000,0.5000,0,0.5000,0.5000,0,0.2639,1.2717,1.0182,0.5749
0.7941,1785919379.343789,A,1,0.5000,0.5000,0,0.5000,0.5000,0,0.5000,0.5000,0,0.3025,1.1867,0.9095,0.5259
0.9056,1785919379.455358,A,1,0.5000,0.5000,0,0.5000,0.5000,0,0.5000,0.5000,0,0.2716,1.2400,0.9882,0.5758
1.0137,1785919379.563403,A,1,0.5000,0.5000,0,0.5000,0.5000,0,0.5000,0.5000,0,0.2637,1.2770,1.0161,0.5758
1.1247,1785919379.674441,A,1,0.5000,0.5000,0,0.5000,0.5000,0,0.5000,0.5000,0,0.2634,1.3181,1.0416,0.5765
1.2358,1785919379.785458,A,1,0.5000,0.5000,0,0.5000,0.5000,0,0.5000,0.5000,0,0.2400,1.3466,1.0962,0.6058
1.3472,1785919379.897003,A,1,0.5000,0.5000,0,0.5000,0.5000,0,0.5000,0.5000,0,0.2182,1.3917,1.1598,0.6511
1.4581,1785919380.007783,A,1,0.5000,0.5000,0,0.5000,0.5000,0,0.5000,0.5000,0,0.2657,1.2735,1.0112,0.5780
1.5682,1785919380.117854,A,1,0.5000,0.5000,0,0.5000,0.5000,0,0.5000,0.5000,0,0.2296,1.3751,1.1386,0.6265
1.6782,1785919380.227954,A,1,0.5000,0.5000,0,0.5000,0.5000,0,0.5000,0.5000,0,0.2136,1.4002,1.1798,0.6659
1.7882,1785919380.337966,A,1,0.5000,0.5000,0,0.5000,0.5000,0,0.5000,0.5000,0,0.2731,1.2592,1.0133,0.5683
1.8975,1785919380.447449,A,1,0.5000,0.5000,0,0.5000,0.5000,0,0.5000,0.5000,0,0.2240,1.3969,1.1855,0.6570
2.0074,1785919380.556971,A,1,0.5000,0.5000,0,0.5000,0.5000,0,0.5000,0.5000,0,0.2269,1.3983,1.1755,0.6444
2.1184,1785919380.668386,A,1,0.5000,0.5000,0,0.5000,0.5000,0,0.5000,0.5000,0,0.2034,1.4643,1.2359,0.6818
2.2286,1785919380.778165,A,1,0.5000,0.5000,0,0.5000,0.5000,0,0.5000,0.5000,0,0.2107,1.4404,1.2171,0.6665
2.3378,1785919380.887589,A,1,0.5000,0.5000,0,0.5000,0.5000,0,0.5000,0.5000,0,0.2468,1.3618,1.1176,0.6222
2.4489,1785919380.998614,A,1,0.5000,0.5000,0,0.5000,0.5000,0,0.5000,0.5000,0,0.1961,1.4639,1.2515,0.6962
2.5590,1785919381.109205,A,1,0.5000,0.5000,0,0.5000,0.5000,0,0.5000,0.5000,0,0.2224,1.3858,1.1553,0.6445
2.6687,1785919381.218487,A,1,0.5000,0.5000,0,0.5000,0.5000,0,0.5000,0.5000,0,0.1973,1.4434,1.2366,0.7035
2.7787,1785919381.328561,A,1,0.5000,0.5000,0,0.5000,0.5000,0,0.5000,0.5000,0,0.2180,1.3829,1.1942,0.6566
2.8884,1785919381.437878,A,1,0.5000,0.5000,0,0.5000,0.5000,0,0.5000,0.5000,0,0.2160,1.4136,1.2195,0.6790
2.9975,1785919381.547259,A,1,0.5000,0.5000,0,0.5000,0.5000,0,0.5000,0.5000,0,0.2234,1.3798,1.1456,0.6520
3.1075,1785919381.657034,A,1,0.5000,0.5000,0,0.5000,0.5000,0,0.5000,0.5000,0,0.2053,1.4327,1.2050,0.6686
3.2177,1785919381.767496,A,1,0.5000,0.5000,0,0.5000,0.5000,0,0.5000,0.5000,0,0.2381,1.3726,1.0954,0.6095
3.3277,1785919381.877660,A,1,0.5100,0.5333,0,0.5200,0.5667,0,0.5100,0.5333,0,0.2384,1.3705,1.1371,0.6245
3.4371,1785919381.986858,A,1,0.4441,0.2903,0,0.6350,0.9032,0,0.5505,0.6452,0,0.2635,1.2977,1.0242,0.5636
3.5472,1785919382.096975,A,1,0.3671,0.1875,0,0.6414,0.6562,0,0.6385,0.8438,0,0.2781,1.2451,0.9847,0.5631
3.6572,1785919382.207026,A,1,0.3933,0.4545,0,0.5853,0.4545,0,0.6470,0.6667,0,0.2515,1.2761,1.0416,0.5908
3.7662,1785919382.315849,A,1,0.3548,0.2647,0,0.5950,0.6176,0,0.6823,0.7647,0,0.2691,1.2603,1.0310,0.5718
3.8760,1785919382.425762,A,1,0.2912,0.1429,0,0.6479,0.7714,0,0.7605,0.9429,1,0.2877,1.2275,0.9462,0.5466
3.9861,1785919382.535704,A,1,0.2205,0.0556,0,0.7286,0.9167,1,0.8240,0.9722,1,0.3077,1.2066,0.9131,0.5196
4.0953,1785919382.645043,A,1,0.1787,0.0811,0,0.7938,0.9459,1,0.8362,0.8649,1,0.3033,1.2341,0.9158,0.5236
4.2054,1785919382.755055,A,1,0.1330,0.0263,0,0.8556,1,1,0.8854,1,1,0.3479,1.1575,0.8133,0.4632
4.3154,1785919382.865346,A,1,0.1008,0.0256,0,0.8989,1,1,0.9198,1,1,0.3685,1.1345,0.7948,0.4470
4.4249,1785919382.974483,A,1,0.0780,0.0250,0,0.9143,0.9500,1,0.9438,1,1,0.3703,1.1104,0.7507,0.4460
4.5351,1785919383.084840,A,1,0.0619,0.0244,0,0.9400,1,1,0.9607,1,1,0.3905,1.0622,0.7226,0.4132
4.6472,1785919383.198023,A,1,0.0576,0.0476,0,0.9437,0.9524,1,0.9653,0.9762,1,0.3895,1.0624,0.7255,0.4173
4.7582,1785919383.307885,A,1,0.0752,0.1163,0,0.9257,0.8837,1,0.9618,0.9535,1,0.3582,1.0937,0.7626,0.4507
4.8663,1785919383.415949,A,1,0.0731,0.0682,0,0.9139,0.8864,1,0.9732,1,1,0.3818,1.0387,0.7122,0.4181
4.9753,1785919383.524964,A,1,0.0579,0.0222,0,0.9397,1,1,0.9813,1,1,0.4459,1.0058,0.5890,0.3637
5.0854,1785919383.635261,A,1,0.0535,0.0435,0,0.9513,0.9783,1,0.9804,0.9783,1,0.4333,1.0343,0.6407,0.3801
5.2112,1785919383.760947,B,1,0.0502,0.0426,0,0.9659,1,1,0.9671,0.9362,1,0.4435,1.0498,0.6284,0.3670
5.3226,1785919383.872284,B,1,0.0539,0.0625,0,0.9636,0.9583,1,0.9645,0.9583,1,0.4390,1.0366,0.6249,0.3772
5.4317,1785919383.981272,B,1,0.0684,0.1020,0,0.9562,0.9388,1,0.9445,0.8980,1,0.4167,1.0509,0.6748,0.3845
5.5415,1785919384.091395,B,1,0.0838,0.1200,0,0.9333,0.8800,1,0.9372,0.9200,1,0.4180,1.0424,0.6688,0.4052
5.6506,1785919384.200450,B,1,0.0999,0.1373,0,0.9239,0.9020,1,0.9148,0.8627,1,0.4129,1.0551,0.7073,0.4072
5.7588,1785919384.308337,B,1,0.0757,0.0192,0,0.9410,0.9808,1,0.9404,1,1,0.4588,0.9884,0.5856,0.3518
5.8661,1785919384.415925,B,1,0.0813,0.0943,0,0.9247,0.8868,1,0.9526,0.9811,1,0.4375,1.0027,0.6255,0.3753
5.9751,1785919384.524797,B,1,0.0624,0.0185,0,0.9473,1,1,0.9502,0.9444,1,0.4592,1.0224,0.5811,0.3489
6.0831,1785919384.633120,B,1,0.0492,0.0182,0,0.9631,1,1,0.9487,0.9455,1,0.4855,1.0059,0.5455,0.3294
6.1931,1785919384.743119,B,1,0.0666,0.1071,0,0.9581,0.9464,1,0.9320,0.8929,1,0.4407,1.0351,0.6222,0.3650
6.3031,1785919384.852861,B,1,0.1150,0.2281,0,0.9233,0.8421,1,0.8734,0.7368,1,0.3999,1.0884,0.6954,0.4111
6.4133,1785919384.963135,B,1,0.1374,0.1897,0,0.9205,0.9138,1,0.8442,0.7759,1,0.4121,1.0572,0.6607,0.3859
6.5231,1785919385.072930,B,1,0.1165,0.0678,0,0.9138,0.8983,1,0.8858,0.9831,1,0.4584,1.0001,0.5928,0.3610
6.6341,1785919385.183831,B,1,0.1366,0.1833,0,0.8747,0.7833,1,0.8951,0.9167,1,0.4170,1.0197,0.6552,0.3830
6.7432,1785919385.292963,B,1,0.1251,0.0984,0,0.8631,0.8361,1,0.9020,0.9180,1,0.4454,1.0128,0.6258,0.3704
6.8542,1785919385.403889,B,1,0.1456,0.1935,0,0.8267,0.7419,1,0.9072,0.9194,1,0.4198,1.0108,0.6430,0.3889
6.9622,1785919385.512143,B,1,0.1210,0.0635,0,0.8597,0.9365,1,0.9303,0.9841,1,0.4569,0.9974,0.5812,0.3556
7.0717,1785919385.621611,B,1,0.0941,0.0312,0,0.8971,0.9844,1,0.9371,0.9531,1,0.4664,1.0026,0.5715,0.3395
7.1811,1785919385.730719,B,1,0.1028,0.1231,0,0.9049,0.9231,1,0.8821,0.7538,1,0.4541,1.0440,0.6348,0.3716
7.2921,1785919385.841923,B,1,0.1538,0.2727,0,0.8652,0.7727,1,0.8130,0.6515,1,0.4179,1.0656,0.6622,0.3981
7.4013,1785919385.950880,B,1,0.2106,0.3433,0,0.8206,0.7164,1,0.7616,0.6418,1,0.3961,1.0871,0.7043,0.4179
7.5111,1785919386.061130,B,1,0.2136,0.2206,0,0.8038,0.7647,1,0.7846,0.8382,1,0.4323,1.0232,0.6469,0.3816
7.6211,1785919386.170898,B,1,0.2495,0.3333,0,0.7627,0.6667,1,0.7797,0.7681,1,0.4014,1.0405,0.6790,0.4036
7.7292,1785919386.278910,B,1,0.2132,0.1286,0,0.7696,0.7857,1,0.8458,1,1,0.4435,0.9847,0.6163,0.3618
7.8384,1785919386.388179,B,1,0.2126,0.2113,0,0.7753,0.7887,1,0.8498,0.8592,1,0.4330,1.0164,0.6437,0.3740
7.9482,1785919386.497976,B,1,0.2072,0.1944,0,0.8094,0.8889,1,0.8448,0.8333,1,0.4366,1.0206,0.6292,0.3676
8.0573,1785919386.607101,B,1,0.2231,0.2603,0,0.8008,0.7808,1,0.8010,0.6986,1,0.4324,1.0468,0.6435,0.3872
8.1674,1785919386.717451,B,1,0.1683,0.0405,0,0.8565,0.9865,1,0.8201,0.8649,1,0.4638,1.0160,0.5720,0.3386
8.2761,1785919386.825824,B,1,0.1858,0.2267,0,0.8716,0.9067,1,0.7861,0.7067,1,0.4318,1.0438,0.6293,0.3723
8.3841,1785919386.933690,B,1,0.2169,0.2895,0,0.8509,0.8026,1,0.7358,0.6184,1,0.4281,1.0587,0.6536,0.3876
8.4952,1785919387.045009,B,1,0.1947,0.1429,0,0.8761,0.9351,1,0.7527,0.7922,1,0.4420,1.0311,0.6138,0.3626
8.6063,1785919387.156040,B,1,0.1594,0.0769,0,0.8710,0.8590,1,0.8231,0.9872,1,0.4585,0.9857,0.5878,0.3514
8.7163,1785919387.266014,B,1,0.1192,0.0253,0,0.8945,0.9494,1,0.8761,1,1,0.4805,0.9753,0.5512,0.3335
8.8259,1785919387.375826,B,1,0.0947,0.0375,0,0.8962,0.9000,1,0.9058,0.9750,1,0.4766,0.9854,0.5717,0.3457
8.9359,1785919387.485729,B,1,0.0700,0.0123,0,0.9273,1,1,0.9341,1,1,0.5166,0.9431,0.4863,0.2959
9.0459,1785919387.595898,B,1,0.0965,0.1585,0,0.8613,0.7073,1,0.8916,0.7927,1,0.4523,1.0202,0.6168,0.3740
9.1559,1785919387.706876,B,1,0.0712,0.0120,0,0.9029,1,1,0.9205,0.9880,1,0.5441,0.9662,0.4712,0.2841
9.2678,1785919387.817633,B,1,0.0534,0.0119,0,0.9320,1,1,0.9337,0.9643,1,0.5470,0.9783,0.4694,0.2774
9.3780,1785919387.927939,B,1,0.0515,0.0471,0,0.9454,0.9765,1,0.9465,0.9765,1,0.5129,0.9687,0.5117,0.3025
9.4878,1785919388.037467,B,1,0.0500,0.0465,0,0.9478,0.9535,1,0.9591,0.9884,1,0.5220,0.9640,0.5083,0.3076
9.5961,1785919388.146073,B,1,0.0453,0.0345,0,0.9566,0.9770,1,0.9679,0.9885,1,0.5281,0.9529,0.4997,0.2892
9.7058,1785919388.255720,B,1,0.0454,0.0455,0,0.9526,0.9432,1,0.9775,1,1,0.5259,0.9310,0.4873,0.2930
9.8150,1785919388.364671,B,1,0.0419,0.0337,0,0.9398,0.9101,1,0.9809,0.9888,1,0.5296,0.9383,0.4799,0.3007
9.9238,1785919388.473644,B,1,0.0360,0.0222,0,0.9512,0.9778,1,0.9766,0.9667,1,0.5455,0.9452,0.4609,0.2846
10.0338,1785919388.583523,B,1,0.0285,0.0110,0,0.9625,0.9890,1,0.9770,0.9780,1,0.5743,0.9416,0.4315,0.2651
10.1438,1785919388.693448,B,1,0.0460,0.0870,0,0.9542,0.9348,1,0.9546,0.9022,1,0.5271,0.9732,0.4961,0.3069
10.2539,1785919388.803801,B,1,0.0387,0.0215,0,0.9615,0.9785,1,0.9392,0.9032,1,0.5542,0.9688,0.4524,0.2821
10.3627,1785919388.912479,B,1,0.0303,0.0106,0,0.9731,1,1,0.9447,0.9574,1,0.5891,0.9437,0.4160,0.2538
10.4726,1785919389.022172,B,1,0.0307,0.0316,0,0.9717,0.9684,1,0.9423,0.9368,1,0.5650,0.9479,0.4417,0.2698
10.5846,1785919389.134674,B,1,0.0246,0.0104,0,0.9770,0.9896,1,0.9596,1,1,0.6188,0.8976,0.3613,0.2342
10.6926,1785919389.242274,B,1,0.0234,0.0206,0,0.9716,0.9588,1,0.9686,0.9897,1,0.6002,0.9105,0.3930,0.2523
10.8027,1785919389.352617,B,1,0.0317,0.0510,0,0.9617,0.9388,1,0.9719,0.9796,1,0.5728,0.9258,0.4271,0.2623
10.9108,1785919389.460584,B,1,0.0282,0.0202,0,0.9732,1,1,0.9743,0.9798,1,0.6165,0.9206,0.3806,0.2418
11.0207,1785919389.570376,B,1,0.0348,0.0500,0,0.9572,0.9200,1,0.9700,0.9600,1,0.5918,0.9301,0.4259,0.2646
11.1323,1785919389.681881,B,1,0.0511,0.0891,0,0.9374,0.8911,1,0.9404,0.8713,1,0.5587,0.9622,0.4643,0.2827
11.2420,1785919389.791671,B,1,0.0946,0.1961,0,0.9209,0.8824,1,0.8994,0.8039,1,0.5103,0.9773,0.4971,0.2975
11.3521,1785919389.901806,B,1,0.1070,0.1359,0,0.9097,0.8835,1,0.8917,0.8738,1,0.5378,0.9601,0.4619,0.2879
11.4620,1785919390.011594,B,1,0.1182,0.1442,0,0.8906,0.8462,1,0.8925,0.8942,1,0.5352,0.9467,0.4827,0.2914
11.5722,1785919390.121837,B,1,0.1284,0.1524,0,0.8834,0.8667,1,0.8733,0.8286,1,0.5319,0.9664,0.4908,0.2937
11.6821,1785919390.231754,B,1,0.1069,0.0566,0,0.8844,0.8868,1,0.9085,0.9906,1,0.5740,0.9060,0.4225,0.2631
11.7921,1785919390.341691,B,1,0.1309,0.1869,0,0.8602,0.8037,1,0.9191,0.9439,1,0.5227,0.9306,0.4668,0.2899
11.9018,1785919390.451941,B,1,0.1611,0.2315,0,0.8327,0.7685,1,0.8962,0.8426,1,0.5180,0.9604,0.5030,0.3067
12.0119,1785919390.561717,B,1,0.1898,0.2569,0,0.7976,0.7156,1,0.8502,0.7431,1,0.4914,0.9808,0.5529,0.3323
12.1218,1785919390.671399,B,1,0.2010,0.2273,0,0.8010,0.8091,1,0.8188,0.7455,1,0.5199,0.9783,0.4969,0.3098
12.2317,1785919390.781520,B,1,0.2245,0.2793,0,0.7850,0.7477,1,0.7813,0.6937,1,0.4828,0.9968,0.5466,0.3261
12.3418,1785919390.891493,B,1,0.2348,0.2589,0,0.7960,0.8214,1,0.7478,0.6696,1,0.5138,1.0020,0.5165,0.3193
12.4538,1785919391.003521,B,1,0.2520,0.2920,0,0.7616,0.6814,1,0.7358,0.7080,1,0.4855,0.9882,0.5488,0.3394
12.5629,1785919391.112699,B,1,0.2843,0.3596,0,0.7094,0.5877,1,0.7230,0.6930,1,0.4606,0.9926,0.5964,0.3561
12.6728,1785919391.222254,B,1,0.3503,0.5043,0,0.6427,0.4870,0,0.6861,0.6000,0,0.4291,1.0150,0.6354,0.3745
12.7844,1785919391.333893,B,1,0.3590,0.3793,0,0.6102,0.5345,0,0.6716,0.6379,0,0.4506,1.0041,0.6069,0.3662
12.8929,1785919391.442725,B,1,0.4128,0.5385,0,0.5707,0.4786,0,0.6189,0.4957,0,0.4250,1.0370,0.6523,0.3842
13.0029,1785919391.552467,B,1,0.4517,0.5424,0,0.5470,0.4915,0,0.5629,0.4322,0,0.4236,1.0502,0.6665,0.3892
13.1139,1785919391.663648,B,1,0.5128,0.6555,0,0.5064,0.4118,0,0.4948,0.3361,0,0.3801,1.1107,0.7395,0.4299
13.2229,1785919391.772545,B,1,0.5365,0.5917,0,0.4970,0.4750,0,0.4539,0.3583,0,0.4114,1.0906,0.6924,0.4077
13.3329,1785919391.882486,B,1,0.5342,0.5289,0,0.5140,0.5537,0,0.4640,0.4876,0,0.4209,1.0423,0.6507,0.3812
13.4399,1785919391.989805,B,1,0.5830,0.6967,0,0.4410,0.2705,0,0.4207,0.3197,0,0.3313,1.1469,0.8399,0.4938
13.5499,1785919392.099778,B,1,0.5983,0.6341,0,0.4111,0.3415,0,0.4091,0.3821,0,0.3917,1.0736,0.7176,0.4289
13.6600,1785919392.209820,B,1,0.5979,0.5968,0,0.4160,0.4274,0,0.4267,0.4677,0,0.4065,1.0449,0.6849,0.3966
13.7710,1785919392.320803,B,1,0.6153,0.6560,0,0.4040,0.3760,0,0.4139,0.3840,0,0.3782,1.0705,0.7374,0.4170
13.8789,1785919392.428482,B,1,0.6379,0.6905,0,0.3757,0.3095,0,0.3921,0.3413,0,0.3589,1.1015,0.7856,0.4547
13.9870,1785919392.536749,B,1,0.6591,0.7087,0,0.3527,0.2992,0,0.3642,0.2992,0,0.3270,1.1795,0.8528,0.4946
14.0957,1785919392.645251,B,1,0.6770,0.7188,0,0.3383,0.3047,0,0.3393,0.2812,0,0.3150,1.2099,0.8884,0.5077
14.2054,1785919392.755077,B,1,0.6925,0.7287,0,0.3112,0.2481,0,0.3236,0.2868,0,0.3058,1.2067,0.9214,0.5238
14.3154,1785919392.864958,B,1,0.6901,0.6846,0,0.3194,0.3385,0,0.3211,0.3154,0,0.3444,1.1575,0.8057,0.4733
14.4270,1785919392.976536,B,1,0.6915,0.6947,0,0.3198,0.3206,0,0.3187,0.3130,0,0.3262,1.1717,0.8611,0.4871
14.5370,1785919393.086666,B,1,0.6954,0.7045,0,0.3079,0.2803,0,0.3185,0.3182,0,0.3210,1.1683,0.8526,0.4950
14.6464,1785919393.196093,B,1,0.6920,0.6842,0,0.2855,0.2331,0,0.3267,0.3459,0,0.3324,1.1388,0.8489,0.4970
14.7569,1785919393.306526,B,1,0.6859,0.6716,0,0.2827,0.2761,0,0.3339,0.3507,0,0.3390,1.1387,0.8668,0.4885
14.8668,1785919393.416850,B,1,0.6757,0.6519,0,0.3045,0.3556,0,0.3426,0.3630,0,0.3613,1.1155,0.7922,0.4599
14.9779,1785919393.527444,B,1,0.6803,0.6912,0,0.2970,0.2794,0,0.3347,0.3162,0,0.3286,1.1649,0.8517,0.4996
15.0869,1785919393.636707,B,1,0.6711,0.6496,0,0.3437,0.4526,0,0.3350,0.3358,0,0.3557,1.1568,0.8051,0.4525
15.2143,1785919393.763861,A,2,0.6828,0.7101,0,0.3493,0.3623,0,0.3193,0.2826,0,0.3246,1.2002,0.8545,0.4932
15.3231,1785919393.872597,A,2,0.6593,0.6043,0,0.3869,0.4748,0,0.3444,0.4029,0,0.3755,1.1001,0.7305,0.4243
15.4341,1785919393.983757,A,2,0.6265,0.5500,0,0.4101,0.4643,0,0.3761,0.4500,0,0.3972,1.0656,0.7000,0.4118
15.5421,1785919394.091823,A,2,0.6151,0.5887,0,0.4105,0.4113,0,0.3909,0.4255,0,0.3836,1.0871,0.7357,0.4262
15.6542,1785919394.203706,A,2,0.6313,0.6690,0,0.3697,0.2746,0,0.3814,0.3592,0,0.3339,1.1382,0.8349,0.4865
15.7642,1785919394.314130,A,2,0.6370,0.6503,0,0.3595,0.3357,0,0.3865,0.3986,0,0.3522,1.1014,0.7920,0.4559
15.8741,1785919394.423822,A,2,0.6272,0.6042,0,0.3662,0.3819,0,0.3977,0.4236,0,0.3698,1.0891,0.7439,0.4386
15.9841,1785919394.533895,A,2,0.6025,0.5448,0,0.3888,0.4414,0,0.4170,0.4621,0,0.3964,1.0671,0.7142,0.4155
16.0951,1785919394.644949,A,2,0.6067,0.6164,0,0.3934,0.4041,0,0.4008,0.3630,0,0.3661,1.1230,0.7559,0.4461
16.2043,1785919394.753984,A,2,0.6491,0.7483,0,0.3468,0.2381,0,0.3561,0.2517,0,0.3075,1.2093,0.9007,0.5242
16.3142,1785919394.864006,A,2,0.6713,0.7230,0,0.3441,0.3378,0,0.3324,0.2770,0,0.3268,1.1944,0.8677,0.4960
16.4241,1785919394.973860,A,2,0.6632,0.6443,0,0.3637,0.4094,0,0.3454,0.3758,0,0.3482,1.1158,0.7798,0.4444
16.5342,1785919395.084063,A,2,0.6502,0.6200,0,0.3626,0.3600,0,0.3598,0.3933,0,0.3640,1.1106,0.7958,0.4553
16.6452,1785919395.194899,A,2,0.6379,0.6093,0,0.3353,0.2715,0,0.3909,0.4636,0,0.3619,1.0824,0.7677,0.4605
16.7542,1785919395.304013,A,2,0.6696,0.7434,0,0.2978,0.2105,0,0.3664,0.3092,0,0.3181,1.1601,0.8701,0.5062
16.8643,1785919395.413879,A,2,0.6687,0.6667,0,0.3085,0.3333,0,0.3565,0.3333,0,0.3419,1.1472,0.8322,0.4761
16.9763,1785919395.525881,A,2,0.6902,0.7403,0,0.2822,0.2208,0,0.3372,0.2922,0,0.3250,1.1707,0.8719,0.5095
17.0862,1785919395.635913,A,2,0.6825,0.6645,0,0.3020,0.3484,0,0.3367,0.3355,0,0.3380,1.1519,0.8163,0.4776
17.1963,1785919395.745913,A,2,0.7162,0.7949,1,0.3172,0.3526,0,0.2914,0.1859,0,0.2960,1.2456,0.9483,0.5186
17.3063,1785919395.855850,A,2,0.7364,0.7834,1,0.3080,0.2866,0,0.2652,0.2038,0,0.3045,1.2383,0.9404,0.5265
17.4163,1785919395.965959,A,2,0.7376,0.7405,1,0.2992,0.2785,0,0.2711,0.2848,0,0.3168,1.1828,0.8782,0.5041
17.5263,1785919396.076085,A,2,0.7503,0.7799,1,0.2641,0.1824,0,0.2652,0.2516,0,0.3046,1.2089,0.9200,0.5367
17.6385,1785919396.188036,A,2,0.7558,0.7688,1,0.2430,0.1938,0,0.2663,0.2687,0,0.3071,1.2040,0.9281,0.5320
17.7484,1785919396.298139,A,2,0.7955,0.8882,1,0.1869,0.0559,0,0.2255,0.1304,0,0.2433,1.2858,1.0730,0.6046
17.8581,1785919396.407822,A,2,0.8180,0.8704,1,0.1827,0.1728,0,0.1968,0.1296,0,0.2637,1.2952,1.0334,0.5764
17.9682,1785919396.517794,A,2,0.8468,0.9141,1,0.1518,0.0798,0,0.1690,0.1043,0,0.2328,1.3624,1.1231,0.6327
18.0792,1785919396.628816,A,2,0.8690,0.9207,1,0.1410,0.1159,0,0.1403,0.0732,0,0.2251,1.3849,1.1477,0.6343
18.1903,1785919396.739831,A,2,0.8938,0.9515,1,0.1369,0.1273,0,0.1109,0.0424,0,0.2149,1.4092,1.1650,0.6430
18.3005,1785919396.849998,A,2,0.9220,0.9880,1,0.1229,0.0904,0,0.0794,0.0060,0,0.2009,1.4718,1.2256,0.6787
18.4125,1785919396.962160,A,2,0.9113,0.8862,1,0.1310,0.1497,0,0.0951,0.1317,0,0.2359,1.3606,1.1055,0.6171
18.5213,1785919397.070999,A,2,0.9093,0.9048,1,0.1024,0.0357,0,0.1023,0.1190,0,0.2269,1.3661,1.1310,0.6461
18.6303,1785919397.179864,A,2,0.8904,0.8462,1,0.0876,0.0533,0,0.1320,0.2012,0,0.2592,1.2649,1.0509,0.5970
18.7394,1785919397.289149,A,2,0.9109,0.9588,1,0.0649,0.0118,0,0.1136,0.0706,0,0.2143,1.3932,1.1868,0.6733
18.8485,1785919397.398063,A,2,0.9306,0.9766,1,0.0524,0.0234,0,0.0953,0.0526,0,0.2030,1.4075,1.1965,0.6734
18.9584,1785919397.508359,A,2,0.9410,0.9651,1,0.0541,0.0581,0,0.0789,0.0407,0,0.2066,1.4150,1.2128,0.6658
19.0685,1785919397.618140,A,2,0.9240,0.8844,1,0.0865,0.1618,0,0.0951,0.1329,0,0.2271,1.3697,1.1330,0.6256
19.1785,1785919397.728123,A,2,0.9433,0.9885,1,0.0898,0.0977,0,0.0683,0.0057,0,0.2006,1.4739,1.2178,0.6853
19.2901,1785919397.839879,A,2,0.9449,0.9486,1,0.1177,0.1829,0,0.0564,0.0286,0,0.2099,1.4507,1.2208,0.6595
19.3999,1785919397.949552,A,2,0.9376,0.9205,1,0.1199,0.1250,0,0.0548,0.0511,0,0.2181,1.4264,1.1778,0.6579
19.5099,1785919398.059577,A,2,0.9546,0.9944,1,0.0907,0.0226,0,0.0435,0.0169,0,0.1992,1.4693,1.2617,0.7011
19.6221,1785919398.171669,A,2,0.9429,0.9157,1,0.0972,0.1124,0,0.0557,0.0843,0,0.2193,1.4053,1.1997,0.6530
19.7315,1785919398.281321,A,2,0.9249,0.8827,1,0.0898,0.0726,0,0.0876,0.1620,0,0.2245,1.3685,1.1667,0.6439
19.8433,1785919398.392872,A,2,0.9324,0.9500,1,0.0679,0.0167,0,0.0880,0.0889,0,0.2076,1.4030,1.1922,0.6769
19.9531,1785919398.502711,A,2,0.9179,0.8840,1,0.0807,0.1105,0,0.0981,0.1215,0,0.2192,1.3878,1.1648,0.6478
20.0642,1785919398.613905,A,2,0.8898,0.8242,1,0.1076,0.1703,0,0.1280,0.1978,0,0.2362,1.3596,1.1105,0.6267
20.1734,1785919398.723416,A,2,0.8622,0.7978,1,0.1392,0.2131,0,0.1502,0.2022,0,0.2490,1.3578,1.1124,0.6189
20.2992,1785919398.848944,B,2,0.8481,0.8152,1,0.1725,0.2500,0,0.1476,0.1413,0,0.2425,1.3812,1.1254,0.6223
20.4088,1785919398.958346,B,2,0.8320,0.7946,1,0.1759,0.1838,0,0.1665,0.2108,0,0.2500,1.3532,1.1222,0.6189
20.5189,1785919399.068783,B,2,0.7776,0.6505,1,0.2150,0.3065,0,0.2311,0.3817,0,0.3099,1.1926,0.9212,0.5245
20.6304,1785919399.180055,B,2,0.7769,0.7754,1,0.2179,0.2246,0,0.2324,0.2353,0,0.2566,1.2920,1.0545,0.5876
20.7406,1785919399.290579,B,2,0.7290,0.6170,1,0.2706,0.3936,0,0.2903,0.4255,0,0.3179,1.1618,0.8755,0.4944
20.8485,1785919399.398210,B,2,0.6960,0.6190,0,0.2958,0.3545,0,0.3286,0.4180,0,0.3208,1.1671,0.8848,0.5030
20.9595,1785919399.508998,B,2,0.6782,0.6368,0,0.3255,0.3947,0,0.3437,0.3789,0,0.3038,1.1937,0.9025,0.5085
21.0686,1785919399.618317,B,2,0.6837,0.6963,0,0.3409,0.3770,0,0.3301,0.2984,0,0.2961,1.2420,0.9362,0.5324
21.1799,1785919399.729433,B,2,0.6801,0.6719,0,0.3730,0.4479,0,0.3248,0.3125,0,0.3019,1.2369,0.9379,0.5168
21.2892,1785919399.838893,B,2,0.6346,0.5285,0,0.4150,0.5130,0,0.3673,0.4663,0,0.3444,1.1480,0.8213,0.4684
21.3991,1785919399.948713,B,2,0.5989,0.5155,0,0.4482,0.5258,0,0.3963,0.4639,0,0.3485,1.1484,0.8025,0.4643
21.5102,1785919400.060035,B,2,0.5685,0.4974,0,0.4615,0.4923,0,0.4328,0.5179,0,0.3579,1.1115,0.7966,0.4577
21.6201,1785919400.170882,B,2,0.5556,0.5255,0,0.4791,0.5204,0,0.4545,0.5051,0,0.3423,1.1176,0.8008,0.4523
21.7293,1785919400.279012,B,2,0.5427,0.5127,0,0.4603,0.4162,0,0.4796,0.5381,0,0.3498,1.1050,0.8036,0.4650
21.8384,1785919400.388169,B,2,0.5163,0.4545,0,0.4525,0.4343,0,0.5039,0.5606,0,0.3718,1.0911,0.7726,0.4551
21.9482,1785919400.497780,B,2,0.4865,0.4171,0,0.4856,0.5628,0,0.5336,0.6030,0,0.3914,1.0698,0.7295,0.4222
22.0592,1785919400.608791,B,2,0.5041,0.5450,0,0.4704,0.4350,0,0.5070,0.4450,0,0.3476,1.1539,0.8320,0.4819
22.1692,1785919400.718932,B,2,0.4857,0.4428,0,0.5009,0.5721,0,0.5206,0.5522,0,0.3787,1.0997,0.7373,0.4333
22.2803,1785919400.830105,B,2,0.5048,0.5495,0,0.4992,0.4950,0,0.4996,0.4505,0,0.3412,1.1500,0.8142,0.4743
22.3903,1785919400.939921,B,2,0.4790,0.4187,0,0.5445,0.6502,0,0.5034,0.5123,0,0.3843,1.1149,0.7246,0.4272
22.4999,1785919401.049448,B,2,0.4868,0.5049,0,0.5311,0.5000,0,0.5009,0.4951,0,0.3554,1.1214,0.7964,0.4600
22.6099,1785919401.159447,B,2,0.5149,0.5805,0,0.4772,0.3512,0,0.4955,0.4829,0,0.3308,1.1363,0.8491,0.4869
22.7179,1785919401.267768,B,2,0.4871,0.4223,0,0.4957,0.5388,0,0.5362,0.6311,0,0.3836,1.0638,0.7419,0.4265
22.8293,1785919401.378985,B,2,0.5047,0.5459,0,0.4615,0.3816,0,0.5304,0.5169,0,0.3412,1.1134,0.8057,0.4728
22.9394,1785919401.488923,B,2,0.4745,0.4038,0,0.5048,0.6058,0,0.5444,0.5769,0,0.3869,1.0898,0.7318,0.4254
23.0496,1785919401.599507,B,2,0.4714,0.4641,0,0.5414,0.6268,0,0.5260,0.4833,0,0.3653,1.1268,0.7764,0.4389
23.1597,1785919401.709348,B,2,0.4857,0.5190,0,0.5418,0.5429,0,0.4939,0.4190,0,0.3551,1.1570,0.7956,0.4658
23.2674,1785919401.817083,B,2,0.4992,0.5308,0,0.5470,0.5592,0,0.4751,0.4313,0,0.3454,1.1539,0.7976,0.4610
23.3775,1785919401.927686,B,2,0.4895,0.4670,0,0.5386,0.5189,0,0.4826,0.5000,0,0.3605,1.1180,0.7652,0.4514
23.4883,1785919402.037989,B,2,0.5624,0.7324,0,0.4587,0.2723,0,0.4294,0.3052,0,0.2924,1.2167,0.9177,0.5355
23.5975,1785919402.146976,B,2,0.5325,0.4626,0,0.4669,0.4860,0,0.4688,0.5607,0,0.3632,1.1002,0.7717,0.4511
23.7055,1785919402.255377,B,2,0.5360,0.5442,0,0.4454,0.3953,0,0.4774,0.4977,0,0.3459,1.1207,0.8099,0.4721
23.8153,1785919402.364910,B,2,0.5224,0.4907,0,0.4340,0.4074,0,0.5148,0.6019,0,0.3560,1.0882,0.7842,0.4549
23.9254,1785919402.474978,B,2,0.4943,0.4286,0,0.4725,0.5622,0,0.5442,0.6129,0,0.3779,1.0852,0.7520,0.4312
24.0360,1785919402.585778,B,2,0.4753,0.4312,0,0.5055,0.5826,0,0.5433,0.5413,0,0.3750,1.1088,0.7541,0.4384
24.1460,1785919402.695809,B,2,0.4615,0.4292,0,0.5429,0.6301,0,0.5447,0.5479,0,0.3720,1.1035,0.7435,0.4302
24.2575,1785919402.807009,B,2,0.4540,0.4364,0,0.5600,0.6000,0,0.5422,0.5364,0,0.3717,1.1088,0.7459,0.4355
24.3676,1785919402.917503,B,2,0.4494,0.4389,0,0.6011,0.6968,0,0.5248,0.4842,0,0.3677,1.1209,0.7518,0.4243
24.4785,1785919403.028440,B,2,0.4768,0.5405,0,0.5640,0.4775,0,0.5079,0.4685,0,0.3489,1.1302,0.8111,0.4655
24.5874,1785919403.136967,B,2,0.4925,0.5291,0,0.5132,0.3946,0,0.5291,0.5785,0,0.3482,1.0958,0.7958,0.4589
24.6975,1785919403.247334,B,2,0.4706,0.4196,0,0.5199,0.5357,0,0.5605,0.6339,0,0.3713,1.0731,0.7384,0.4300
24.8087,1785919403.358491,B,2,0.4441,0.3822,0,0.5293,0.5511,0,0.5950,0.6756,0,0.3829,1.0581,0.7167,0.4220
24.9196,1785919403.469217,B,2,0.4118,0.3363,0,0.5709,0.6681,0,0.6223,0.6858,0,0.4008,1.0526,0.7040,0.4028
25.0295,1785919403.579152,B,2,0.3953,0.3568,0,0.5913,0.6388,0,0.6167,0.6035,0,0.3969,1.0880,0.7176,0.4224
25.1397,1785919403.689669,B,2,0.3846,0.3596,0,0.5902,0.5877,0,0.6027,0.5702,0,0.3950,1.0951,0.7198,0.4306
25.2516,1785919403.801253,B,2,0.3976,0.4279,0,0.6254,0.7074,0,0.5581,0.4541,0,0.3772,1.1333,0.7687,0.4296
25.3586,1785919403.908267,B,2,0.3370,0.1957,0,0.6791,0.8043,0,0.6190,0.7609,0,0.4538,1.0277,0.6218,0.3697
25.4696,1785919404.019340,B,2,0.2918,0.1861,0,0.7299,0.8485,1,0.6748,0.8052,0,0.4550,1.0082,0.5937,0.3453
25.5788,1785919404.128550,B,2,0.2870,0.2759,0,0.7320,0.7371,1,0.6987,0.7543,0,0.4297,1.0288,0.6586,0.3786
25.6897,1785919404.239215,B,2,0.2588,0.1931,0,0.7481,0.7854,1,0.7427,0.8455,1,0.4587,0.9937,0.6050,0.3566
25.7988,1785919404.348700,B,2,0.2196,0.1282,0,0.7826,0.8632,1,0.8032,0.9444,1,0.5081,0.9459,0.5049,0.3116
25.9087,1785919404.458414,B,2,0.2023,0.1617,0,0.7789,0.7702,1,0.8227,0.8681,1,0.4702,0.9811,0.5817,0.3528
26.0191,1785919404.569559,B,2,0.1657,0.0805,0,0.8134,0.8941,1,0.8543,0.9280,1,0.5294,0.9540,0.4816,0.3026
26.1301,1785919404.679817,B,2,0.1591,0.1435,0,0.8264,0.8565,1,0.8436,0.8186,1,0.4870,1.0019,0.5511,0.3379
26.2406,1785919404.790195,B,2,0.1517,0.1345,0,0.8482,0.8992,1,0.8376,0.8235,1,0.5001,0.9986,0.5384,0.3198
26.3499,1785919404.899781,B,2,0.1564,0.1674,0,0.8548,0.8703,1,0.8160,0.7657,1,0.4711,1.0162,0.5628,0.3346
26.4603,1785919405.010019,B,2,0.1220,0.0417,0,0.8834,0.9500,1,0.8612,0.9667,1,0.5562,0.9330,0.4381,0.2711
26.5703,1785919405.120524,B,2,0.1240,0.1286,0,0.8848,0.8880,1,0.8817,0.9295,1,0.5088,0.9483,0.5130,0.2989
26.6802,1785919405.230013,B,2,0.0942,0.0248,0,0.9094,0.9669,1,0.9147,0.9917,1,0.5779,0.9082,0.4239,0.2548
26.7902,1785919405.339998,B,2,0.0832,0.0576,0,0.9070,0.9012,1,0.9329,0.9753,1,0.5533,0.9292,0.4650,0.2877
26.9003,1785919405.450032,B,2,0.0669,0.0287,0,0.9189,0.9467,1,0.9481,0.9836,1,0.5792,0.9171,0.4284,0.2636
27.0103,1785919405.560187,B,2,0.0603,0.0449,0,0.9383,0.9837,1,0.9551,0.9714,1,0.5703,0.9287,0.4363,0.2582
27.1204,1785919405.669941,B,2,0.0678,0.0854,0,0.9300,0.9106,1,0.9393,0.9024,1,0.5372,0.9541,0.4679,0.2927
27.2304,1785919405.779935,B,2,0.0548,0.0243,0,0.9510,1,1,0.9320,0.9150,1,0.5852,0.9480,0.4153,0.2517
27.3404,1785919405.890385,B,2,0.0432,0.0161,0,0.9609,0.9839,1,0.9355,0.9435,1,0.5930,0.9395,0.3969,0.2572
27.4504,1785919406.000140,B,2,0.0350,0.0161,0,0.9666,0.9799,1,0.9392,0.9478,1,0.5928,0.9343,0.3955,0.2553
27.5612,1785919406.111031,B,2,0.0641,0.1320,0,0.9442,0.8920,1,0.9190,0.8720,1,0.5196,0.9655,0.4944,0.3003
27.6717,1785919406.221309,B,2,0.0497,0.0159,0,0.9562,0.9841,1,0.9397,0.9880,1,0.5929,0.9103,0.3980,0.2418
27.7817,1785919406.331444,B,2,0.0562,0.0714,0,0.9384,0.8968,1,0.9519,0.9802,1,0.5551,0.9136,0.4441,0.2742
27.8919,1785919406.441670,B,2,0.0429,0.0119,0,0.9569,1,1,0.9580,0.9723,1,0.6132,0.9183,0.3779,0.2353
28.0031,1785919406.552816,B,2,0.0607,0.1024,0,0.9426,0.9094,1,0.9340,0.8780,1,0.5417,0.9561,0.4720,0.2877
28.1140,1785919406.663667,B,2,0.0472,0.0157,0,0.9598,1,1,0.9314,0.9255,1,0.5978,0.9411,0.3855,0.2420
28.2240,1785919406.773705,B,2,0.0541,0.0703,0,0.9637,0.9727,1,0.9133,0.8711,1,0.5644,0.9583,0.4335,0.2654
28.3340,1785919406.883838,B,2,0.0577,0.0661,0,0.9629,0.9611,1,0.9043,0.8833,1,0.5721,0.9533,0.4314,0.2643
28.4461,1785919406.995731,B,2,0.0648,0.0814,0,0.9589,0.9496,1,0.9098,0.9225,1,0.5598,0.9415,0.4313,0.2649
28.5543,1785919407.104020,B,2,0.0709,0.0849,0,0.9458,0.9151,1,0.9171,0.9344,1,0.5620,0.9350,0.4438,0.2707
28.6662,1785919407.215997,B,2,0.0796,0.1000,0,0.9136,0.8385,1,0.9351,0.9769,1,0.5544,0.9137,0.4507,0.2825
28.7741,1785919407.324518,B,2,0.1235,0.2261,0,0.8694,0.7663,1,0.8925,0.7931,1,0.4836,0.9825,0.5622,0.3332
28.8841,1785919407.433803,B,2,0.1220,0.1183,0,0.8685,0.8664,1,0.9053,0.9351,1,0.5433,0.9331,0.4624,0.2850
28.9941,1785919407.543760,B,2,0.1116,0.0875,0,0.8783,0.9011,1,0.9086,0.9163,1,0.5630,0.9399,0.4431,0.2772
29.1031,1785919407.652810,B,2,0.1497,0.2386,0,0.8500,0.7841,1,0.8553,0.7311,1,0.4768,1.0026,0.5483,0.3296
29.2142,1785919407.763763,B,2,0.1478,0.1434,0,0.8656,0.9019,1,0.8410,0.8075,1,0.5327,0.9766,0.4801,0.2916
29.3243,1785919407.874084,B,2,0.1914,0.2932,0,0.8270,0.7368,1,0.7861,0.6579,1,0.4567,1.0311,0.6159,0.3615
29.4343,1785919407.984065,B,2,0.2127,0.2622,0,0.8002,0.7378,1,0.7637,0.7116,1,0.4672,1.0074,0.5846,0.3507
29.5442,1785919408.093899,B,2,0.2216,0.2425,0,0.7852,0.7500,1,0.7798,0.8172,1,0.4756,0.9724,0.5501,0.3297
29.6541,1785919408.203819,B,2,0.2700,0.3829,0,0.7269,0.5911,1,0.7499,0.6803,1,0.4242,1.0176,0.6537,0.3808
29.7642,1785919408.313856,B,2,0.3090,0.4000,0,0.6622,0.5111,0,0.7227,0.6593,1,0.4199,1.0263,0.6650,0.3988
29.8752,1785919408.424835,B,2,0.3281,0.3727,0,0.6606,0.6568,0,0.7018,0.6531,1,0.4260,1.0283,0.6504,0.3753
29.9846,1785919408.534202,B,2,0.3554,0.4191,0,0.6367,0.5809,0,0.6523,0.5368,0,0.4099,1.0729,0.6801,0.4079
30.0942,1785919408.643765,B,2,0.3202,0.2381,0,0.6819,0.7875,0,0.6676,0.7033,0,0.4784,1.0125,0.5591,0.3340
30.2032,1785919408.753659,B,2,0.3566,0.4416,0,0.6514,0.5803,0,0.6250,0.5255,0,0.4033,1.0815,0.7177,0.4105
30.3287,1785919408.878405,A,3,0.3696,0.4000,0,0.6436,0.6255,0,0.6099,0.5745,0,0.4184,1.0573,0.6650,0.3929
30.4384,1785919408.988041,A,3,0.4305,0.5725,0,0.5723,0.4058,0,0.5552,0.4275,0,0.3628,1.1107,0.7783,0.4539
30.5504,1785919409.100515,A,3,0.4302,0.4296,0,0.5587,0.5271,0,0.5684,0.5993,0,0.4085,1.0477,0.6816,0.4059
30.6604,1785919409.210111,A,3,0.3950,0.3129,0,0.6037,0.7086,0,0.6223,0.7482,0,0.4423,1.0004,0.6096,0.3577
30.7694,1785919409.319107,A,3,0.4120,0.4516,0,0.5645,0.4731,0,0.6195,0.6129,0,0.3993,1.0429,0.6962,0.4098
30.8804,1785919409.430239,A,3,0.3934,0.3500,0,0.5784,0.6107,0,0.6351,0.6714,0,0.4313,1.0222,0.6245,0.3788
30.9905,1785919409.540178,A,3,0.4291,0.5125,0,0.5458,0.4698,0,0.5844,0.4662,0,0.3826,1.0987,0.7470,0.4344
31.1003,1785919409.649908,A,3,0.4185,0.3936,0,0.5799,0.6596,0,0.5814,0.5745,0,0.4205,1.0557,0.6566,0.3878
31.2104,1785919409.760120,A,3,0.4254,0.4417,0,0.5989,0.6431,0,0.5628,0.5194,0,0.4013,1.0778,0.6951,0.3995
31.3203,1785919409.869870,A,3,0.3992,0.3380,0,0.6168,0.6585,0,0.5714,0.5915,0,0.4371,1.0499,0.6286,0.3856
31.4304,1785919409.981071,A,3,0.4163,0.4561,0,0.6001,0.5614,0,0.5611,0.5368,0,0.3983,1.0693,0.6917,0.4077
31.5404,1785919410.090176,A,3,0.4393,0.4930,0,0.5439,0.4126,0,0.5585,0.5524,0,0.3891,1.0629,0.7068,0.4273
31.6524,1785919410.202041,A,3,0.4465,0.4634,0,0.5365,0.5192,0,0.5634,0.5749,0,0.3984,1.0564,0.7176,0.4099
31.7624,1785919410.312099,A,3,0.4209,0.3611,0,0.5526,0.5903,0,0.6246,0.7674,0,0.4264,0.9971,0.6421,0.3712
31.8704,1785919410.420038,A,3,0.3933,0.3287,0,0.5913,0.6817,0,0.6407,0.6782,0,0.4360,1.0220,0.6231,0.3713
31.9824,1785919410.532550,A,3,0.3798,0.3483,0,0.6312,0.7241,0,0.6357,0.6241,0,0.4322,1.0412,0.6398,0.3749
32.0921,1785919410.641949,A,3,0.3442,0.2612,0,0.6769,0.7835,0,0.6491,0.6804,0,0.4568,1.0219,0.5882,0.3466
32.2035,1785919410.753182,A,3,0.3683,0.4247,0,0.6690,0.6507,0,0.6095,0.5171,0,0.4136,1.0717,0.6633,0.3962
32.3125,1785919410.862035,A,3,0.3909,0.4437,0,0.6598,0.6382,0,0.5782,0.5051,0,0.4024,1.0770,0.6815,0.3990
32.4235,1785919410.973163,A,3,0.3573,0.2789,0,0.6965,0.7823,0,0.6047,0.6667,0,0.4565,1.0241,0.6068,0.3484
32.5335,1785919411.083164,A,3,0.3783,0.4271,0,0.6167,0.4305,0,0.6308,0.6915,0,0.4112,1.0200,0.6644,0.4036
32.6435,1785919411.193112,A,3,0.3347,0.2331,0,0.6567,0.7500,0,0.6848,0.8108,0,0.4725,0.9783,0.5828,0.3368
32.7536,1785919411.303525,A,3,0.3404,0.3535,0,0.6385,0.5960,0,0.6925,0.7104,0,0.4310,1.0134,0.6340,0.3750
32.8664,1785919411.415921,A,3,0.3228,0.2819,0,0.6553,0.6946,0,0.7173,0.7752,1,0.4533,0.9959,0.5854,0.3582
32.9777,1785919411.527325,A,3,0.4046,0.5953,0,0.5641,0.3512,0,0.6195,0.3913,0,0.3686,1.1132,0.7797,0.4586
33.0873,1785919411.637085,A,3,0.4312,0.4933,0,0.5619,0.5567,0,0.5656,0.4400,0,0.3937,1.0993,0.7209,0.4202
33.1982,1785919411.747793,A,3,0.4738,0.5733,0,0.5523,0.5300,0,0.5080,0.3733,0,0.3691,1.1175,0.7430,0.4334
33.3083,1785919411.857955,A,3,0.4867,0.5167,0,0.5466,0.5333,0,0.4876,0.4400,0,0.3888,1.0991,0.7280,0.4245
33.4182,1785919411.968137,A,3,0.5037,0.5433,0,0.5506,0.5600,0,0.4643,0.4100,0,0.3778,1.1061,0.7383,0.4218
33.5303,1785919412.080080,A,3,0.5306,0.5933,0,0.4914,0.3533,0,0.4680,0.4767,0,0.3684,1.0873,0.7532,0.4453
33.6403,1785919412.189804,A,3,0.5534,0.6067,0,0.4560,0.3733,0,0.4756,0.4933,0,0.3626,1.0793,0.7753,0.4360
33.7503,1785919412.299990,A,3,0.5224,0.4500,0,0.4412,0.4067,0,0.5169,0.6133,0,0.4095,1.0419,0.6940,0.4153
33.8604,1785919412.410072,A,3,0.5927,0.7567,0,0.3728,0.2133,0,0.4418,0.2667,0,0.3216,1.1591,0.8574,0.5009
33.9703,1785919412.519939,A,3,0.6329,0.7267,0,0.3540,0.3100,0,0.3873,0.2600,0,0.3315,1.1615,0.8519,0.4818
34.0799,1785919412.629773,A,3,0.6780,0.7833,0,0.3238,0.2533,0,0.3301,0.1967,0,0.3119,1.2101,0.9034,0.5144
34.1889,1785919412.738674,A,3,0.7046,0.7667,1,0.3357,0.3633,0,0.3001,0.2300,0,0.3158,1.1889,0.8671,0.4866
34.2990,1785919412.849305,A,3,0.7442,0.8367,1,0.2870,0.1733,0,0.2591,0.1633,0,0.2764,1.2514,0.9702,0.5521
34.4098,1785919412.959625,A,3,0.7780,0.8567,1,0.2469,0.1533,0,0.2243,0.1433,0,0.2643,1.2808,1.0208,0.5701
34.5209,1785919413.070606,A,3,0.7946,0.8333,1,0.2268,0.1800,0,0.2170,0.2000,0,0.2918,1.2091,0.9303,0.5287
34.6310,1785919413.180759,A,3,0.8002,0.8133,1,0.2048,0.1533,0,0.2209,0.2300,0,0.3027,1.1880,0.9150,0.5294
34.7431,1785919413.292919,A,3,0.8331,0.9100,1,0.1543,0.0367,0,0.1916,0.1233,0,0.2315,1.3439,1.1419,0.6356
34.8520,1785919413.401720,A,3,0.8412,0.8600,1,0.1510,0.1433,0,0.1762,0.1400,0,0.2633,1.2836,1.0235,0.5734
34.9627,1785919413.512363,A,3,0.8618,0.9100,1,0.1277,0.0733,0,0.1493,0.0867,0,0.2343,1.3713,1.1347,0.6373
35.0727,1785919413.622478,A,3,0.9003,0.9900,1,0.0984,0.0300,0,0.1085,0.0133,0,0.1979,1.4650,1.2508,0.6923
35.1828,1785919413.732542,A,3,0.8932,0.8767,1,0.1109,0.1400,0,0.1120,0.1200,0,0.2496,1.3451,1.0632,0.6007
35.2940,1785919413.843690,A,3,0.9122,0.9567,1,0.1166,0.1300,0,0.0864,0.0267,0,0.2166,1.4356,1.2034,0.6483
35.4192,1785919413.968869,B,3,0.9006,0.8733,1,0.1106,0.0967,0,0.0995,0.1300,0,0.2552,1.2931,1.0517,0.5940
35.5300,1785919414.079651,B,3,0.9054,0.9167,1,0.1044,0.0900,0,0.0996,0.1000,0,0.2283,1.3618,1.1302,0.6257
35.6415,1785919414.191288,B,3,0.9168,0.9433,1,0.0891,0.0533,0,0.0887,0.0633,0,0.2175,1.3849,1.1711,0.6479
35.7486,1785919414.298167,B,3,0.9337,0.9733,1,0.0634,0.0033,0,0.0791,0.0567,0,0.2097,1.3874,1.1968,0.6733
35.8596,1785919414.409255,B,3,0.9356,0.9400,1,0.0634,0.0633,0,0.0694,0.0467,0,0.2255,1.4048,1.1771,0.6535
35.9695,1785919414.519312,B,3,0.9549,1,1,0.0454,0.0033,0,0.0536,0.0167,0,0.1916,1.4630,1.2613,0.7081
36.0796,1785919414.629151,B,3,0.9675,0.9967,1,0.0387,0.0233,0,0.0435,0.0200,0,0.1960,1.4628,1.2517,0.6954
36.1908,1785919414.740556,B,3,0.9732,0.9867,1,0.0411,0.0467,0,0.0314,0.0033,0,0.2016,1.4749,1.2610,0.6881
36.3009,1785919414.850825,B,3,0.9583,0.9233,1,0.0708,0.1400,0,0.0390,0.0567,0,0.2262,1.3946,1.1454,0.6246
36.4118,1785919414.961513,B,3,0.9568,0.9533,1,0.0866,0.1233,0,0.0383,0.0367,0,0.2152,1.4251,1.1890,0.6446
36.5219,1785919415.071534,B,3,0.9597,0.9667,1,0.0836,0.0767,0,0.0388,0.0400,0,0.2056,1.4150,1.2114,0.6550
36.6318,1785919415.181476,B,3,0.9708,0.9967,1,0.0635,0.0167,0,0.0352,0.0267,0,0.1939,1.4625,1.2756,0.7027
36.7412,1785919415.290860,B,3,0.9416,0.8733,1,0.0715,0.0900,0,0.0636,0.1300,0,0.2464,1.3032,1.0845,0.6023
36.8510,1785919415.400675,B,3,0.9241,0.8833,1,0.0760,0.0867,0,0.0835,0.1300,0,0.2438,1.3228,1.0940,0.6126
36.9609,1785919415.510957,B,3,0.9259,0.9300,1,0.0792,0.0867,0,0.0805,0.0733,0,0.2199,1.3925,1.1886,0.6438
37.0720,1785919415.621731,B,3,0.8991,0.8367,1,0.1074,0.1733,0,0.1093,0.1767,0,0.2750,1.2372,0.9636,0.5461
37.1820,1785919415.731883,B,3,0.8814,0.8400,1,0.1342,0.1967,0,0.1245,0.1600,0,0.2798,1.2796,0.9854,0.5576
37.2930,1785919415.842608,B,3,0.8740,0.8567,1,0.1410,0.1567,0,0.1272,0.1333,0,0.2551,1.3282,1.0499,0.5914
37.4020,1785919415.951724,B,3,0.8598,0.8267,1,0.1537,0.1833,0,0.1410,0.1733,0,0.2802,1.2460,0.9622,0.5491
37.5120,1785919416.061552,B,3,0.8598,0.8600,1,0.1446,0.1233,0,0.1407,0.1400,0,0.2539,1.3175,1.0807,0.6021
37.6230,1785919416.172664,B,3,0.8479,0.8200,1,0.1452,0.1467,0,0.1655,0.2233,0,0.2941,1.2003,0.9283,0.5437
37.7320,1785919416.281657,B,3,0.8205,0.7567,1,0.1616,0.2000,0,0.2079,0.3067,0,0.3187,1.1492,0.8683,0.5049
37.8421,1785919416.391923,B,3,0.8204,0.8200,1,0.1591,0.1533,0,0.2105,0.2167,0,0.2916,1.2087,0.9467,0.5445
37.9523,1785919416.502237,B,3,0.8193,0.8167,1,0.1794,0.2267,0,0.2063,0.1967,0,0.2945,1.2362,0.9547,0.5364
38.0622,1785919416.611949,B,3,0.7755,0.6733,1,0.2276,0.3400,0,0.2434,0.3300,0,0.3448,1.1436,0.8117,0.4736
38.1713,1785919416.720866,B,3,0.7628,0.7333,1,0.2483,0.2967,0,0.2464,0.2533,0,0.3237,1.1880,0.8717,0.4988
38.2824,1785919416.831992,B,3,0.7840,0.8333,1,0.2198,0.1533,0,0.2215,0.1633,0,0.2718,1.2833,1.0324,0.5790
38.3924,1785919416.942421,B,3,0.7608,0.7067,1,0.2429,0.2967,0,0.2370,0.2733,0,0.3284,1.1690,0.8513,0.4926
38.5023,1785919417.052063,B,3,0.7586,0.7533,1,0.2440,0.2467,0,0.2439,0.2600,0,0.3194,1.1867,0.8788,0.5099
38.6144,1785919417.164194,B,3,0.7370,0.6867,1,0.2588,0.2933,0,0.2747,0.3467,0,0.3317,1.1391,0.8361,0.4802
38.7245,1785919417.274231,B,3,0.7599,0.8133,1,0.2372,0.1867,0,0.2543,0.2067,0,0.2915,1.2110,0.9466,0.5373
38.8344,1785919417.383925,B,3,0.7599,0.7600,1,0.2340,0.2267,0,0.2530,0.2500,0,0.3084,1.1935,0.8972,0.5196
38.9444,1785919417.494515,B,3,0.7479,0.7200,1,0.2388,0.2500,0,0.2611,0.2800,0,0.3255,1.1710,0.8745,0.5045
39.0545,1785919417.604301,B,3,0.7566,0.7767,1,0.2402,0.2433,0,0.2448,0.2067,0,0.3020,1.2120,0.9174,0.5247
39.1645,1785919417.714287,B,3,0.7366,0.6900,1,0.2951,0.4233,0,0.2453,0.2467,0,0.3278,1.1988,0.8570,0.4890
39.2746,1785919417.824344,B,3,0.7566,0.8033,1,0.2866,0.2667,0,0.2277,0.1867,0,0.2936,1.2449,0.9342,0.5350
39.3867,1785919417.936388,B,3,0.7416,0.7067,1,0.2786,0.2600,0,0.2504,0.3033,0,0.3227,1.1678,0.8540,0.5029
39.4965,1785919418.046168,B,3,0.7611,0.8067,1,0.2540,0.1967,0,0.2383,0.2100,0,0.2935,1.2152,0.9378,0.5364
39.6065,1785919418.156276,B,3,0.7538,0.7367,1,0.2538,0.2533,0,0.2688,0.3400,0,0.3142,1.1555,0.8703,0.4992
39.7156,1785919418.265172,B,3,0.7217,0.6467,1,0.2567,0.2633,0,0.3062,0.3933,0,0.3363,1.1340,0.8456,0.4882
39.8266,1785919418.376595,B,3,0.7412,0.7867,1,0.2347,0.1833,0,0.2863,0.2400,0,0.2981,1.2075,0.9362,0.5371
39.9368,1785919418.486399,B,3,0.7318,0.7100,1,0.2613,0.3233,0,0.2914,0.3033,0,0.3210,1.1704,0.8822,0.4962
40.0469,1785919418.596482,B,3,0.7553,0.8100,1,0.2659,0.2767,0,0.2660,0.2067,0,0.2898,1.2360,0.9341,0.5327
40.1568,1785919418.706485,B,3,0.7517,0.7433,1,0.2651,0.2633,0,0.2612,0.2500,0,0.3077,1.2061,0.8966,0.5200
40.2670,1785919418.816814,B,3,0.7752,0.8300,1,0.2616,0.2533,0,0.2348,0.1733,0,0.2734,1.2783,0.9979,0.5535
40.3778,1785919418.927466,B,3,0.7696,0.7567,1,0.2551,0.2400,0,0.2304,0.2200,0,0.3025,1.2125,0.9157,0.5274
40.4888,1785919419.038473,B,3,0.7867,0.8267,1,0.2306,0.1733,0,0.2193,0.1933,0,0.2752,1.2433,0.9718,0.5542
40.5968,1785919419.146626,B,3,0.7287,0.5933,1,0.2654,0.3467,0,0.2805,0.4233,0,0.3486,1.1324,0.8196,0.4783
40.7068,1785919419.256326,B,3,0.7531,0.8100,1,0.2368,0.1700,0,0.2613,0.2167,0,0.2888,1.2252,0.9473,0.5477
40.8168,1785919419.366442,B,3,0.7432,0.7200,1,0.2427,0.2567,0,0.2759,0.3100,0,0.3119,1.1797,0.9051,0.5114
40.9270,1785919419.476967,B,3,0.7772,0.8567,1,0.1989,0.0967,0,0.2372,0.1467,0,0.2552,1.3000,1.0597,0.6009
41.0390,1785919419.588643,B,3,0.7531,0.6967,1,0.2092,0.2333,0,0.2600,0.3133,0,0.3237,1.1803,0.8831,0.5153
41.1490,1785919419.698538,B,3,0.7561,0.7633,1,0.2455,0.3300,0,0.2480,0.2200,0,0.2989,1.2343,0.9199,0.5272
41.2607,1785919419.810655,B,3,0.7103,0.6033,1,0.3168,0.4833,0,0.2796,0.3533,0,0.3379,1.1669,0.8315,0.4758
41.3688,1785919419.918574,B,3,0.6822,0.6167,0,0.3208,0.3300,0,0.3117,0.3867,0,0.3352,1.1545,0.8506,0.4924
41.4780,1785919420.027952,B,3,0.6635,0.6200,0,0.3455,0.4033,0,0.3302,0.3733,0,0.3296,1.1583,0.8375,0.4845
41.5879,1785919420.137581,B,3,0.7045,0.8000,1,0.2929,0.1700,0,0.3091,0.2600,0,0.2930,1.2088,0.9583,0.5410
41.6969,1785919420.246500,B,3,0.6351,0.4733,0,0.3440,0.4633,0,0.3904,0.5800,0,0.3706,1.0890,0.7736,0.4468
41.8069,1785919420.356529,B,3,0.6626,0.7267,0,0.3188,0.2600,0,0.3693,0.3200,0,0.3069,1.1827,0.9182,0.5139
41.9180,1785919420.467642,B,3,0.6058,0.4733,0,0.3682,0.4833,0,0.4275,0.5633,0,0.3690,1.0977,0.7665,0.4487
42.0289,1785919420.578464,B,3,0.5971,0.5767,0,0.4077,0.5000,0,0.4102,0.3700,0,0.3441,1.1617,0.8251,0.4744
42.1390,1785919420.689051,B,3,0.5300,0.3733,0,0.4914,0.6867,0,0.4702,0.6100,0,0.3868,1.0836,0.7022,0.4072
42.2490,1785919420.798975,B,3,0.5170,0.4867,0,0.5140,0.5667,0,0.4641,0.4500,0,0.3646,1.1368,0.7795,0.4531
42.3599,1785919420.909484,B,3,0.4519,0.3000,0,0.5848,0.7500,0,0.5309,0.6867,0,0.4191,1.0510,0.6631,0.3835
42.4681,1785919421.017579,B,3,0.4063,0.3000,0,0.6104,0.6700,0,0.5766,0.6833,0,0.4200,1.0537,0.6636,0.3992
42.5750,1785919421.124761,B,3,0.3764,0.3067,0,0.6222,0.6500,0,0.6206,0.7233,0,0.4163,1.0322,0.6643,0.3941
42.6840,1785919421.234124,B,3,0.3225,0.1967,0,0.6706,0.7833,0,0.6894,0.8500,0,0.4724,0.9725,0.5616,0.3364
42.7943,1785919421.343748,B,3,0.2987,0.2433,0,0.6964,0.7567,0,0.7166,0.7800,1,0.4410,1.0077,0.6266,0.3647
42.9050,1785919421.454707,B,3,0.2611,0.1733,0,0.7265,0.7967,1,0.7596,0.8600,1,0.4848,0.9705,0.5478,0.3342
43.0141,1785919421.563790,B,3,0.2268,0.1467,0,0.7645,0.8533,1,0.7977,0.8867,1,0.5107,0.9573,0.4904,0.3039
43.1261,1785919421.675802,B,3,0.2157,0.1900,0,0.7812,0.8200,1,0.7914,0.7767,1,0.4809,1.0109,0.5667,0.3454
43.2361,1785919421.785822,B,3,0.1830,0.1067,0,0.8318,0.9500,1,0.8100,0.8533,1,0.5370,0.9748,0.4654,0.2835
43.3462,1785919421.896104,B,3,0.1541,0.0867,0,0.8673,0.9500,1,0.8420,0.9167,1,0.5511,0.9465,0.4373,0.2709
43.4581,1785919422.007802,B,3,0.1359,0.0933,0,0.8801,0.9100,1,0.8704,0.9367,1,0.5453,0.9378,0.4518,0.2793
43.5661,1785919422.115806,B,3,0.1131,0.0600,0,0.8871,0.9033,1,0.9003,0.9700,1,0.5653,0.9197,0.4490,0.2722
43.6761,1785919422.225963,B,3,0.1272,0.1600,0,0.8619,0.8033,1,0.8922,0.8733,1,0.4846,0.9655,0.5476,0.3304
43.7843,1785919422.333854,B,3,0.1090,0.0667,0,0.8744,0.9033,1,0.9155,0.9700,1,0.5596,0.9215,0.4490,0.2759
43.8943,1785919422.444085,B,3,0.0953,0.0633,0,0.8921,0.9333,1,0.9319,0.9700,1,0.5567,0.9212,0.4362,0.2686
44.0045,1785919422.554105,B,3,0.0677,0.0033,0,0.9244,1,1,0.9333,0.9367,1,0.6219,0.9383,0.3817,0.2317
44.1144,1785919422.664936,B,3,0.0724,0.0833,0,0.9201,0.9100,1,0.9253,0.9067,1,0.5529,0.9512,0.4527,0.2868
44.2251,1785919422.774815,B,3,0.0527,0.0067,0,0.9441,1,1,0.9317,0.9467,1,0.6164,0.9345,0.3712,0.2265
44.3360,1785919422.885710,B,3,0.0719,0.1167,0,0.9399,0.9300,1,0.9142,0.8733,1,0.5296,0.9631,0.4768,0.2877
44.4470,1785919422.996505,B,3,0.0883,0.1267,0,0.9219,0.8800,1,0.8959,0.8533,1,0.5239,0.9726,0.4998,0.3070
44.5571,1785919423.106747,B,3,0.0678,0.0200,0,0.9373,0.9733,1,0.9222,0.9833,1,0.5967,0.9156,0.4151,0.2470
44.6671,1785919423.216902,B,3,0.0595,0.0400,0,0.9401,0.9467,1,0.9425,0.9900,1,0.5746,0.9120,0.4262,0.2591
44.7792,1785919423.328922,B,3,0.0646,0.0767,0,0.9301,0.9067,1,0.9488,0.9633,1,0.5585,0.9216,0.4557,0.2752
44.8891,1785919423.438941,B,3,0.0552,0.0333,0,0.9351,0.9467,1,0.9521,0.9600,1,0.5887,0.9225,0.4209,0.2630
44.9991,1785919423.548770,B,3,0.0767,0.1267,0,0.9235,0.8967,1,0.9365,0.9000,1,0.5240,0.9491,0.4782,0.2889
45.1091,1785919423.658670,B,3,0.0697,0.0533,0,0.9335,0.9567,1,0.9235,0.8933,1,0.5727,0.9513,0.4334,0.2721
45.2202,1785919423.769900,B,3,0.0938,0.1500,0,0.9224,0.8967,1,0.8895,0.8100,1,0.5089,0.9977,0.5111,0.3086
45.3313,1785919423.881189,B,3,0.1076,0.1400,0,0.9077,0.8733,1,0.8736,0.8367,1,0.5162,0.9785,0.5021,0.3080
45.4577,1785919424.007564,A,4,0.0973,0.0733,0,0.9134,0.9267,1,0.8915,0.9333,1,0.5594,0.9363,0.4443,0.2728
45.5688,1785919424.118315,A,4,0.1161,0.1600,0,0.8924,0.8433,1,0.8831,0.8633,1,0.4958,0.9642,0.5206,0.3087
45.6785,1785919424.228088,A,4,0.1313,0.1667,0,0.8657,0.8033,1,0.8812,0.8767,1,0.4955,0.9553,0.5499,0.3249
45.7885,1785919424.338202,A,4,0.1559,0.2133,0,0.8400,0.7800,1,0.8618,0.8167,1,0.4648,0.9908,0.5880,0.3500
45.8975,1785919424.447075,A,4,0.1841,0.2500,0,0.8080,0.7333,1,0.8333,0.7667,1,0.4344,1.0140,0.6264,0.3700
46.0078,1785919424.557498,A,4,0.1909,0.2067,0,0.8116,0.8200,1,0.8193,0.7867,1,0.4701,1.0057,0.5702,0.3396
46.1187,1785919424.668594,A,4,0.1886,0.1833,0,0.8031,0.7833,1,0.8175,0.8133,1,0.4848,0.9917,0.5631,0.3442
46.2284,1785919424.778034,A,4,0.1830,0.1700,0,0.8172,0.8500,1,0.8173,0.8167,1,0.4856,0.9853,0.5443,0.3159
46.3375,1785919424.887264,A,4,0.1981,0.2333,0,0.8130,0.8033,1,0.7911,0.7300,1,0.4564,1.0252,0.5923,0.3523
46.4485,1785919424.998177,A,4,0.2147,0.2533,0,0.7991,0.7667,1,0.7778,0.7467,1,0.4421,1.0197,0.6038,0.3573
46.5586,1785919425.108372,A,4,0.2293,0.2633,0,0.7544,0.6500,1,0.7784,0.7800,1,0.4443,1.0050,0.6350,0.3807
46.6699,1785919425.219446,A,4,0.2355,0.2500,0,0.7471,0.7300,1,0.7799,0.7833,1,0.4538,1.0021,0.6020,0.3633
46.7799,1785919425.329991,A,4,0.2328,0.2267,0,0.7659,0.8100,1,0.7879,0.8067,1,0.4583,0.9922,0.5995,0.3370
46.8921,1785919425.441687,A,4,0.2330,0.2333,0,0.7642,0.7600,1,0.7876,0.7867,1,0.4575,0.9999,0.5939,0.3515
47.0023,1785919425.552375,A,4,0.2531,0.3000,0,0.7559,0.7367,1,0.7583,0.6900,1,0.4255,1.0406,0.6273,0.3786
47.1120,1785919425.661584,A,4,0.2292,0.1733,0,0.7801,0.8367,1,0.7528,0.7400,1,0.4896,1.0141,0.5580,0.3308
47.2241,1785919425.773619,A,4,0.2214,0.2033,0,0.7881,0.8067,1,0.7540,0.7567,1,0.4803,1.0077,0.5622,0.3423
47.3342,1785919425.884524,A,4,0.2380,0.2767,0,0.7777,0.7533,1,0.7338,0.6867,1,0.4419,1.0319,0.6065,0.3643
47.4462,1785919425.995880,A,4,0.2176,0.1700,0,0.7914,0.8233,1,0.7496,0.7867,1,0.4912,0.9998,0.5493,0.3317
47.5561,1785919426.105728,A,4,0.2183,0.2200,0,0.7880,0.7800,1,0.7577,0.7767,1,0.4758,1.0018,0.5868,0.3448
47.6661,1785919426.215887,A,4,0.2058,0.1767,0,0.7826,0.7700,1,0.7964,0.8867,1,0.4878,0.9531,0.5495,0.3252
47.7762,1785919426.325686,A,4,0.1941,0.1667,0,0.7818,0.7800,1,0.8235,0.8867,1,0.4951,0.9519,0.5220,0.3225
47.8862,1785919426.435873,A,4,0.1849,0.1633,0,0.7933,0.8200,1,0.8244,0.8267,1,0.5001,0.9755,0.5258,0.3226
47.9982,1785919426.548150,A,4,0.1884,0.1967,0,0.7893,0.7800,1,0.8171,0.8000,1,0.4885,0.9916,0.5607,0.3380
48.1079,1785919426.657429,A,4,0.1799,0.1600,0,0.8135,0.8700,1,0.8080,0.7867,1,0.5003,0.9939,0.5191,0.3144
48.2178,1785919426.767630,A,4,0.1799,0.1800,0,0.8154,0.8200,1,0.8016,0.7867,1,0.4905,0.9938,0.5474,0.3262
48.3258,1785919426.875540,A,4,0.2049,0.2633,0,0.8038,0.7767,1,0.7651,0.6800,1,0.4623,1.0251,0.6010,0.3525
48.4367,1785919426.986273,A,4,0.1895,0.1533,0,0.8217,0.8633,1,0.7926,0.8567,1,0.5093,0.9631,0.5109,0.3021
48.5458,1785919427.095649,A,4,0.1756,0.1433,0,0.8232,0.8267,1,0.8268,0.9067,1,0.5163,0.9461,0.5007,0.3038
48.6558,1785919427.205663,A,4,0.1599,0.1233,0,0.8262,0.8333,1,0.8668,0.9600,1,0.5340,0.9222,0.4725,0.2889
48.7641,1785919427.313933,A,4,0.1850,0.2433,0,0.7904,0.7067,1,0.8557,0.8300,1,0.4776,0.9708,0.5657,0.3397
48.8751,1785919427.424697,A,4,0.2075,0.2600,0,0.7642,0.7033,1,0.8440,0.8167,1,0.4712,0.9732,0.5719,0.3418
48.9861,1785919427.535709,A,4,0.1972,0.1733,0,0.7770,0.8067,1,0.8408,0.8333,1,0.5008,0.9681,0.5222,0.3175
49.0960,1785919427.645543,A,4,0.1761,0.1267,0,0.8269,0.9433,1,0.8286,0.8000,1,0.5339,0.9776,0.4833,0.2856
49.2062,1785919427.755673,A,4,0.1602,0.1233,0,0.8538,0.9167,1,0.8210,0.8033,1,0.5384,0.9760,0.4869,0.2917
49.3161,1785919427.865715,A,4,0.1542,0.1400,0,0.8477,0.8333,1,0.8247,0.8333,1,0.5357,0.9656,0.4963,0.3075
49.4261,1785919427.975922,A,4,0.2219,0.3800,0,0.7794,0.6200,1,0.7633,0.6200,1,0.4297,1.0385,0.6629,0.3833
49.5360,1785919428.085585,A,4,0.2503,0.3167,0,0.7616,0.7200,1,0.7483,0.7133,1,0.4551,1.0045,0.5998,0.3484
49.6441,1785919428.194481,A,4,0.3002,0.4167,0,0.6971,0.5467,0,0.7088,0.6167,1,0.4067,1.0342,0.6692,0.3971
49.7543,1785919428.303888,A,4,0.2942,0.2800,0,0.6850,0.6567,0,0.7352,0.7967,1,0.4692,0.9765,0.5741,0.3508
49.8660,1785919428.415692,A,4,0.2779,0.2400,0,0.6885,0.6967,0,0.7456,0.7700,1,0.4822,0.9856,0.5572,0.3436
49.9762,1785919428.525869,A,4,0.2555,0.2033,0,0.7099,0.7600,1,0.7549,0.7767,1,0.4934,0.9812,0.5458,0.3325
50.0863,1785919428.635916,A,4,0.3179,0.4633,0,0.6550,0.5267,0,0.6865,0.5267,0,0.3990,1.0791,0.7184,0.4188
50.1962,1785919428.746189,A,4,0.3125,0.3000,0,0.6715,0.7100,0,0.6805,0.6667,0,0.4614,1.0141,0.5824,0.3534
50.3073,1785919428.857167,A,4,0.3338,0.3833,0,0.6610,0.6367,0,0.6434,0.5567,0,0.4308,1.0579,0.6368,0.3870
50.4183,1785919428.967850,A,4,0.3786,0.4833,0,0.6207,0.5267,0,0.5954,0.4833,0,0.3933,1.0927,0.7187,0.4228
50.5426,1785919429.092488,B,4,0.4070,0.4733,0,0.5725,0.4600,0,0.5867,0.5667,0,0.3952,1.0545,0.7051,0.4192
50.6523,1785919429.202296,B,4,0.4359,0.5033,0,0.5298,0.4300,0,0.5747,0.5467,0,0.3878,1.0590,0.7253,0.4264
50.7643,1785919429.313916,B,4,0.4872,0.6067,0,0.4778,0.3567,0,0.5373,0.4500,0,0.3528,1.1000,0.8085,0.4584
50.8744,1785919429.424511,B,4,0.5130,0.5733,0,0.4525,0.3933,0,0.5091,0.4433,0,0.3686,1.1007,0.7794,0.4512
50.9847,1785919429.534225,B,4,0.5781,0.7300,0,0.4007,0.2800,0,0.4404,0.2800,0,0.3093,1.1862,0.8733,0.5108
51.0947,1785919429.644626,B,4,0.6157,0.7033,0,0.3905,0.3667,0,0.3843,0.2533,0,0.3214,1.1981,0.8810,0.4972
51.2062,1785919429.755858,B,4,0.6630,0.7733,0,0.3624,0.2967,0,0.3300,0.2033,0,0.2991,1.2275,0.9159,0.5233
51.3161,1785919429.865666,B,4,0.6631,0.6633,0,0.3557,0.3400,0,0.3270,0.3200,0,0.3385,1.1609,0.8274,0.4861
51.4263,1785919429.976114,B,4,0.7122,0.8267,1,0.3040,0.1833,0,0.2869,0.1933,0,0.2814,1.2343,0.9502,0.5473
51.5362,1785919430.085739,B,4,0.7565,0.8600,1,0.2828,0.2333,0,0.2388,0.1267,0,0.2580,1.3038,1.0466,0.5656
51.6461,1785919430.195677,B,4,0.7876,0.8600,1,0.2329,0.1167,0,0.2142,0.1567,0,0.2637,1.2764,1.0200,0.5826
51.7562,1785919430.305907,B,4,0.7723,0.7367,1,0.2201,0.1900,0,0.2459,0.3200,0,0.3177,1.1594,0.8802,0.5113
51.8662,1785919430.415907,B,4,0.7886,0.8267,1,0.2050,0.1700,0,0.2321,0.2000,0,0.2893,1.2247,0.9531,0.5446
51.9772,1785919430.526886,B,4,0.8240,0.9067,1,0.1625,0.0633,0,0.1945,0.1067,0,0.2434,1.3393,1.1114,0.6209
52.0872,1785919430.637012,B,4,0.8458,0.8967,1,0.1478,0.1133,0,0.1652,0.0967,0,0.2479,1.3521,1.1048,0.6133
52.1976,1785919430.747203,B,4,0.8571,0.8833,1,0.1384,0.1167,0,0.1496,0.1133,0,0.2550,1.3196,1.0535,0.5983
52.3078,1785919430.857917,B,4,0.8709,0.9033,1,0.1479,0.1700,0,0.1257,0.0700,0,0.2462,1.3724,1.1099,0.6087
52.4185,1785919430.968203,B,4,0.8877,0.9267,1,0.1275,0.0800,0,0.1070,0.0633,0,0.2396,1.3824,1.1328,0.6361
52.5282,1785919431.077767,B,4,0.8834,0.8733,1,0.1183,0.0967,0,0.1149,0.1333,0,0.2568,1.2857,1.0419,0.5872
52.6381,1785919431.187605,B,4,0.8804,0.8733,1,0.1208,0.1267,0,0.1204,0.1333,0,0.2547,1.2849,1.0421,0.5792
52.7481,1785919431.297885,B,4,0.8742,0.8600,1,0.1176,0.1100,0,0.1303,0.1533,0,0.2652,1.2559,1.0265,0.5700
52.8583,1785919431.408104,B,4,0.8840,0.9067,1,0.1203,0.1267,0,0.1212,0.1000,0,0.2463,1.3202,1.0727,0.5936
52.9692,1785919431.518815,B,4,0.8928,0.9133,1,0.0962,0.0400,0,0.1128,0.0933,0,0.2487,1.3273,1.0954,0.6166
53.0792,1785919431.629034,B,4,0.8899,0.8833,1,0.1283,0.2033,0,0.1060,0.0900,0,0.2562,1.3281,1.0602,0.5818
53.1893,1785919431.739141,B,4,0.8930,0.9000,1,0.1348,0.1500,0,0.1022,0.0933,0,0.2522,1.3272,1.0502,0.5905
53.2985,1785919431.848369,B,4,0.8821,0.8567,1,0.1554,0.2033,0,0.1125,0.1367,0,0.2752,1.2818,1.0029,0.5610
53.4061,1785919431.955669,B,4,0.8935,0.9200,1,0.1218,0.0433,0,0.1118,0.1100,0,0.2443,1.3010,1.0565,0.6046
53.5161,1785919432.065824,B,4,0.9084,0.9433,1,0.1102,0.0833,0,0.0962,0.0600,0,0.2387,1.3580,1.1235,0.6170
53.6261,1785919432.175655,B,4,0.8899,0.8467,1,0.1142,0.1233,0,0.1154,0.1600,0,0.2816,1.2463,0.9938,0.5605
53.7361,1785919432.286633,B,4,0.8969,0.9133,1,0.0999,0.0667,0,0.1118,0.1033,0,0.2530,1.3143,1.0823,0.6051
53.8461,1785919432.395807,B,4,0.9118,0.9467,1,0.0809,0.0367,0,0.0982,0.0667,0,0.2328,1.3468,1.1314,0.6265
53.9561,1785919432.505734,B,4,0.8613,0.7433,1,0.1417,0.2833,0,0.1458,0.2567,0,0.3076,1.1960,0.8898,0.5125
54.0658,1785919432.615365,B,4,0.8589,0.8533,1,0.1532,0.1800,0,0.1400,0.1267,0,0.2765,1.2895,1.0036,0.5708
54.1731,1785919432.722718,B,4,0.8632,0.8733,1,0.1352,0.0933,0,0.1310,0.1100,0,0.2613,1.3040,1.0227,0.5927
54.2829,1785919432.832588,B,4,0.8593,0.8500,1,0.1356,0.1367,0,0.1357,0.1467,0,0.2706,1.2832,0.9913,0.5739
54.3929,1785919432.942486,B,4,0.8085,0.6900,1,0.1990,0.3467,0,0.1820,0.2900,0,0.3280,1.1798,0.8716,0.4942
54.5030,1785919433.052592,B,4,0.7849,0.7300,1,0.2143,0.2500,0,0.2134,0.2867,0,0.3180,1.1811,0.8886,0.5116
54.6130,1785919433.162755,B,4,0.7755,0.7533,1,0.2170,0.2233,0,0.2244,0.2500,0,0.3059,1.2032,0.9321,0.5255
54.7226,1785919433.272105,B,4,0.8018,0.8633,1,0.1839,0.1067,0,0.2071,0.1667,0,0.2633,1.2752,1.0249,0.5786
54.8326,1785919433.382602,B,4,0.7853,0.7467,1,0.1937,0.2167,0,0.2249,0.2667,0,0.3025,1.1963,0.9106,0.5246
54.9447,1785919433.494294,B,4,0.7797,0.7667,1,0.1936,0.1933,0,0.2205,0.2100,0,0.3019,1.2265,0.9477,0.5424
55.0546,1785919433.604365,B,4,0.7888,0.8100,1,0.2025,0.2233,0,0.2063,0.1733,0,0.2859,1.2554,0.9699,0.5504
55.1646,1785919433.714641,B,4,0.7501,0.6600,1,0.2598,0.3933,0,0.2394,0.3167,0,0.3274,1.1767,0.8514,0.4855
55.2746,1785919433.824328,B,4,0.7691,0.8133,1,0.2588,0.2567,0,0.2206,0.1767,0,0.2797,1.2534,0.9609,0.5449
55.3857,1785919433.935321,B,4,0.7524,0.7133,1,0.2592,0.2600,0,0.2404,0.2867,0,0.3145,1.1934,0.8989,0.5181
55.4969,1785919434.046693,B,4,0.7757,0.8300,1,0.2454,0.2133,0,0.2173,0.1633,0,0.2824,1.2780,0.9995,0.5627
55.6067,1785919434.156233,B,4,0.7870,0.8133,1,0.1958,0.0800,0,0.2211,0.2300,0,0.2842,1.2235,0.9655,0.5631
55.7187,1785919434.268501,B,4,0.7899,0.7967,1,0.1781,0.1367,0,0.2248,0.2333,0,0.2853,1.2174,0.9615,0.5481
55.8285,1785919434.378597,B,4,0.7909,0.7933,1,0.1856,0.2033,0,0.2223,0.2167,0,0.2909,1.2303,0.9728,0.5437
55.9364,1785919434.485995,B,4,0.7976,0.8133,1,0.1809,0.1700,0,0.2146,0.1967,0,0.2844,1.2434,0.9949,0.5542
56.0464,1785919434.595951,B,4,0.7903,0.7733,1,0.2027,0.2533,0,0.2112,0.2033,0,0.2909,1.2402,0.9420,0.5420
56.1564,1785919434.706409,B,4,0.7902,0.7900,1,0.2349,0.3100,0,0.2089,0.2033,0,0.2850,1.2420,0.9573,0.5363
56.2675,1785919434.817160,B,4,0.8172,0.8800,1,0.2354,0.2367,0,0.1752,0.0967,0,0.2532,1.3220,1.0405,0.5800
56.3784,1785919434.927931,B,4,0.8280,0.8533,1,0.2088,0.1467,0,0.1616,0.1300,0,0.2656,1.2944,1.0146,0.5797
56.4896,1785919435.039534,B,4,0.8406,0.8700,1,0.1641,0.0600,0,0.1672,0.1800,0,0.2622,1.2735,1.0465,0.5897
56.5984,1785919435.147971,B,4,0.8254,0.7900,1,0.1549,0.1333,0,0.1880,0.2367,0,0.2867,1.2342,0.9709,0.5564
56.7054,1785919435.254949,B,4,0.8588,0.9367,1,0.1374,0.0967,0,0.1516,0.0667,0,0.2393,1.3493,1.1222,0.6145
56.8175,1785919435.368175,B,4,0.8962,0.9833,1,0.1002,0.0133,0,0.1131,0.0233,0,0.2100,1.4265,1.2216,0.6815
56.9275,1785919435.477151,B,4,0.8943,0.8900,1,0.0941,0.0800,0,0.1202,0.1367,0,0.2531,1.2995,1.0458,0.5984
57.0376,1785919435.587115,B,4,0.8320,0.6867,1,0.1509,0.2833,0,0.1821,0.3267,0,0.3067,1.1952,0.8936,0.5215
57.1472,1785919435.697226,B,4,0.8404,0.8600,1,0.1466,0.1367,0,0.1615,0.1133,0,0.2633,1.3190,1.0455,0.5948
57.2572,1785919435.807001,B,4,0.8683,0.9333,1,0.1356,0.1100,0,0.1310,0.0600,0,0.2375,1.3672,1.1090,0.6209
57.3672,1785919435.916953,B,4,0.8988,0.9700,1,0.1049,0.0333,0,0.1027,0.0367,0,0.2135,1.4018,1.1743,0.6534
57.4785,1785919436.028104,B,4,0.8702,0.8033,1,0.1275,0.1800,0,0.1329,0.2033,0,0.2792,1.2632,0.9837,0.5649
57.5887,1785919436.138430,B,4,0.8851,0.9200,1,0.1012,0.0400,0,0.1270,0.1133,0,0.2449,1.3214,1.0961,0.6162
57.6995,1785919436.249144,B,4,0.8726,0.8433,1,0.1009,0.1000,0,0.1519,0.2100,0,0.2584,1.2601,1.0351,0.5783
57.8105,1785919436.360213,B,4,0.8608,0.8333,1,0.0986,0.0933,0,0.1683,0.2067,0,0.2624,1.2730,1.0358,0.5862
57.9206,1785919436.470180,B,4,0.8686,0.8867,1,0.1050,0.1200,0,0.1508,0.1100,0,0.2513,1.3226,1.0673,0.6022
58.0303,1785919436.580140,B,4,0.8280,0.7333,1,0.1695,0.3200,0,0.1736,0.2267,0,0.2912,1.2543,0.9681,0.5458
58.1403,1785919436.690186,B,4,0.8466,0.8900,1,0.1687,0.1667,0,0.1535,0.1067,0,0.2479,1.3261,1.0620,0.5969
58.2483,1785919436.798042,B,4,0.8096,0.7233,1,0.1751,0.1900,0,0.1985,0.3033,0,0.2889,1.2224,0.9438,0.5489
58.3583,1785919436.907893,B,4,0.7777,0.7033,1,0.2465,0.4133,0,0.2109,0.2400,0,0.2891,1.2495,0.9361,0.5330
58.4703,1785919437.020183,B,4,0.7134,0.5633,1,0.2986,0.4200,0,0.2796,0.4400,0,0.3336,1.1597,0.8519,0.4922
58.5803,1785919437.129810,B,4,0.7034,0.6800,1,0.3070,0.3267,0,0.2838,0.2933,0,0.2985,1.2266,0.9444,0.5338
58.6904,1785919437.240071,B,4,0.6524,0.5333,0,0.3439,0.4300,0,0.3436,0.4833,0,0.3434,1.1263,0.8246,0.4756
58.8004,1785919437.349947,B,4,0.6207,0.5467,0,0.3667,0.4200,0,0.3805,0.4667,0,0.3340,1.1443,0.8411,0.4868
58.9094,1785919437.459106,B,4,0.6195,0.6167,0,0.3777,0.4033,0,0.3804,0.3800,0,0.3137,1.1895,0.8804,0.5105
59.0205,1785919437.570213,B,4,0.5676,0.4467,0,0.4354,0.5700,0,0.4403,0.5800,0,0.3928,1.0569,0.6976,0.4050
59.1306,1785919437.680280,B,4,0.5323,0.4500,0,0.4868,0.6067,0,0.4662,0.5267,0,0.3961,1.0973,0.7140,0.4143
59.2420,1785919437.791591,B,4,0.5146,0.4733,0,0.5177,0.5900,0,0.4743,0.4933,0,0.3809,1.1192,0.7437,0.4279
59.3522,1785919437.902048,B,4,0.4922,0.4400,0,0.5454,0.6100,0,0.4970,0.5500,0,0.3951,1.0797,0.7105,0.4071
59.4640,1785919438.014011,B,4,0.4976,0.5100,0,0.5398,0.5267,0,0.4979,0.5000,0,0.3581,1.1175,0.7665,0.4473
59.5740,1785919438.123765,B,4,0.4713,0.4100,0,0.5559,0.5933,0,0.5295,0.6033,0,0.4012,1.0548,0.6717,0.3999
59.6841,1785919438.234054,B,4,0.4589,0.4300,0,0.5531,0.5467,0,0.5567,0.6200,0,0.3953,1.0480,0.7029,0.4102
59.7941,1785919438.343625,B,4,0.4002,0.2633,0,0.5952,0.6933,0,0.6287,0.7967,0,0.4691,0.9810,0.5864,0.3504
59.9041,1785919438.453699,B,4,0.3822,0.3400,0,0.6236,0.6900,0,0.6531,0.7100,0,0.4298,1.0123,0.6411,0.3658
60.0125,1785919438.562141,B,4,0.3095,0.1400,0,0.6985,0.8733,0,0.7012,0.8133,1,0.5191,0.9775,0.5085,0.3070
60.1221,1785919438.672072,B,4,0.2657,0.1633,0,0.7430,0.8467,1,0.7268,0.7867,1,0.5009,0.9894,0.5337,0.3182
60.2342,1785919438.783716,B,4,0.2320,0.1533,0,0.7781,0.8600,1,0.7448,0.7867,1,0.5050,0.9907,0.5244,0.3173
60.3436,1785919438.893598,B,4,0.2334,0.2367,0,0.7867,0.8067,1,0.7393,0.7267,1,0.4770,1.0073,0.5687,0.3405
60.4535,1785919439.003063,B,4,0.2474,0.2800,0,0.7667,0.7200,1,0.7405,0.7433,1,0.4573,1.0022,0.5849,0.3521
